model,abs_delta_expectation_value
deepseek,26.031197937020984
deepseek,1.3614919753876367
deepseek,18.711339196071428
deepseek,0.24848308686110954
deepseek,0.6523069949276391
deepseek,29.089099050718985
deepseek,2.279837867871003
deepseek,4.396001488585827
deepseek,1.749975521205594
deepseek,0.03445852037591755
deepseek,1.2675948097165657
deepseek,1.8634319555314456
deepseek,56.46113198252194
deepseek,3.071000153190627
deepseek,1.2124409477910485
deepseek,2.070880646503261
deepseek,3.39439038436402
deepseek,2.012858220382125
deepseek,10.51545906221192
deepseek,12.978959306564377
deepseek,0.8358245394488719
deepseek,0.019310317896606574
deepseek,0.5065390243021323
deepseek,64.00664648207639
deepseek,1.1275716430868261
deepseek,0.014505386574775483
deepseek,2.5398570580589874
deepseek,1.2497641341848773
deepseek,0.6833616049993624
deepseek,0.2984342068329402
deepseek,1.8090223895012543
deepseek,5.085435188982254
deepseek,3.759196011977812
deepseek,0.3272472711726556
deepseek,0.5930333228792819
deepseek,2.3766840378332574
deepseek,0.39142132333583995
deepseek,2.302630344883615
deepseek,0.23542678754490512
deepseek,2.061175967036041
deepseek,1.6821222194793535
deepseek,22.827590311853445
deepseek,65.41210948203711
deepseek,5.93720483866797
deepseek,1.7120583181334377
deepseek,2.9999257085278233
deepseek,0.04553905875857125
deepseek,11.379931962760574
deepseek,1.6575690757975978
deepseek,4.90596235816893
deepseek,8.00017998882061
deepseek,5.6106944286180855
deepseek,2.198935006471266
deepseek,0.2874106867500823
deepseek,0.25867852983852724
deepseek,127.65109442748653
deepseek,0.8585869371244271
deepseek,2.183629068586365
deepseek,0.6936639452312945
deepseek,0.29958471670949627
deepseek,1.6907576530967794
deepseek,1.3960688890593271
deepseek,1.5744779390067554
deepseek,2.523426132235909
deepseek,0.9902575894933018
deepseek,0.1250897789163592
deepseek,10.034553544685101
deepseek,2.6279238876468973
deepseek,0.9649160844846367
deepseek,14.887016919198045
deepseek,0.23550097278030024
deepseek,0.2216783960128943
deepseek,0.6592753325439714
deepseek,7.648630384741665
deepseek,0.6545303010372532
deepseek,0.00013387712223104507
deepseek,2.2406092451735704
deepseek,117.59964562634201
deepseek,111.31168277561727
deepseek,6.931632805194592
deepseek,0.03486139378672799
deepseek,0.45520204376558165
deepseek,0.15928018926870163
deepseek,3.2982607862237114
deepseek,0.614200049927836
deepseek,0.94028896550582
deepseek,0.16417412054111669
deepseek,0.9113400899692833
deepseek,0.546376783640326
deepseek,0.2952653560426152
deepseek,3.273670432512449
deepseek,0.1233934318919952
deepseek,19.04414456696218
deepseek,0.8586410216693277
deepseek,0.645723276912094
deepseek,53.65714081398079
deepseek,8.313154819348654
deepseek,1.6951272736247414
deepseek,0.16266920525542525
deepseek,1.4786476013235146
deepseek,21.94482307148509
deepseek,3.0324235072239483
deepseek,1.7534312095984408
deepseek,1.2638560689679843
deepseek,9.809872605473187
deepseek,1.779327359201612
deepseek,8.42708891199122
deepseek,7.997479372491606
deepseek,0.4008662027141998
deepseek,0.565706841885416
deepseek,0.0005071347299517616
deepseek,3.109194490425397
deepseek,0.12104202126766131
deepseek,1.3767631248254655
deepseek,2.5978201928183755
deepseek,13.291350341839715
deepseek,0.9620030188226654
deepseek,1.64610414980344
deepseek,25.871684418149776
deepseek,4.6081675137838864
deepseek,1.6290487159574456
deepseek,0.0104653184966828
deepseek,3.7122212079898156
deepseek,0.0414503004818159
deepseek,0.0008764087029370423
deepseek,0.6481304780235757
deepseek,0.7589738306623635
deepseek,0.4540211338069202
deepseek,0.19714166216749884
deepseek,0.2570624412894667
deepseek,0.5403211543143329
deepseek,2.757031774478585
deepseek,3.550407145926803
deepseek,1.3315403425567138
deepseek,0.4536342698218642
deepseek,0.16057396943512892
deepseek,0.8809882924946494
deepseek,0.42245506933722654
deepseek,1.0016608824050608
deepseek,9.316724876271453
deepseek,48.189251391497635
deepseek,0.02216289227208427
deepseek,92.98917161829026
deepseek,16.336249320455106
deepseek,6.328303428093871
deepseek,28.534914252213664
deepseek,4.706650324426146
deepseek,1.7528765470327246
deepseek,107.11789094405307
deepseek,0.9152258624282716
deepseek,2.5804564607405025
deepseek,7.031089512203214
deepseek,2.8589807517967087
deepseek,0.1977144540981468
deepseek,7.005061826018485
deepseek,1.993191817156517
deepseek,4.3699472636131835
deepseek,0.5907173635158105
deepseek,1.3698611597107015
deepseek,57.85776585693515
deepseek,1.346541162982957
deepseek,0.6383264012435257
deepseek,27.409548458637577
deepseek,0.26642767049974286
deepseek,156.9961985570295
deepseek,3.4799588482838426
deepseek,5.255847346131659
deepseek,3.3546805840314398
deepseek,1.8178256793083454
deepseek,0.3880638292904755
deepseek,0.49892112272197375
deepseek,4.9225111504151435
deepseek,0.23738611013277477
deepseek,4.107677639736687
deepseek,2.7070865589152158
deepseek,0.5427267707341814
deepseek,12.740248965887195
deepseek,2.4355240119228174
deepseek,123.20443297748041
deepseek,2.1604290262490187
deepseek,0.7564537128863983
deepseek,4.003752215847728
deepseek,25.217695340654856
deepseek,0.14581014697049086
deepseek,0.2674854316053943
deepseek,9.633680705578747
deepseek,7.200047858957926
deepseek,0.14784301927864874
deepseek,0.3092532059676031
deepseek,2.812379083687626
deepseek,0.24799101401630566
deepseek,56.27237792972083
deepseek,0.5924717936731103
deepseek,0.6714606692568306
deepseek,2.6456216792888587
deepseek,54.60535355116937
deepseek,2.923641062555287
deepseek,10.982654027417137
deepseek,2.427798994157989
deepseek,0.358065281444601
deepseek,6.368265544906903
deepseek,1.8147778407955357
deepseek,3.2007223956065856
deepseek,0.29245461702897924
deepseek,10.401351087637078
deepseek,2.550717678660509
deepseek,0.11366949766277278
deepseek,4.395443916509678
deepseek,0.09078505623882374
deepseek,0.2990069860071326
deepseek,0.5021639205208106
deepseek,0.15042190036564373
deepseek,39.09352600575468
deepseek,1.9073460809614269
deepseek,8.431269646889014
deepseek,0.20981066664070447
deepseek,9.249794839042512
deepseek,0.9870336810997965
deepseek,14.591290311788796
deepseek,1.205321863420499
deepseek,12.505718048752739
deepseek,5.021323253199704
deepseek,0.22881212922764668
deepseek,1.9644821421537793
deepseek,2.1547762643771637
deepseek,0.2513610943333479
deepseek,1.059083603897436
deepseek,0.9768982849752605
deepseek,2.3315748532079645
deepseek,9.784919771220673
deepseek,0.22409945527854463
deepseek,10.203131052701682
deepseek,0.8050583129374247
deepseek,0.36921435694708715
deepseek,0.0155737112559061
deepseek,7.996362281774511
deepseek,2.379846731483858
deepseek,4.385523323142421
deepseek,0.6622303320834122
deepseek,32.95590759194008
deepseek,0.3625843163584748
deepseek,55.83141575815488
deepseek,0.11525945585379899
deepseek,15.391572063122096
deepseek,0.6249983618216287
deepseek,6.200766687522106
deepseek,0.2108291949586427
deepseek,0.25000000011439666
deepseek,2.496079983783203
deepseek,1.2040605123927623
deepseek,50.29500358622668
deepseek,3.751785513568434
deepseek,2.118120511545481
deepseek,1.4510519054727895
deepseek,2.794735892160745
deepseek,0.6681356185031595
deepseek,3.17594301159516
deepseek,4.865402390643896
deepseek,0.14451320572565543
deepseek,27.160388190810824
deepseek,2.107679399459755
deepseek,40.43878357101737
deepseek,0.6025322084626735
deepseek,2.403505471261119
deepseek,16.230214909291693
deepseek,1.115003664937246
deepseek,0.17403875797035528
deepseek,0.0009423293401047376
deepseek,0.0018392864449205393
deepseek,0.024132755425486353
deepseek,0.25031553449280336
deepseek,0.8835916375178823
deepseek,4.167737928643345
deepseek,36.55304761100417
deepseek,0.3160918841074716
deepseek,0.7175027125577935
deepseek,10.984854504961291
deepseek,0.0003249247401165313
deepseek,0.19095513055729438
deepseek,24.23812451813222
deepseek,0.01721174399325936
deepseek,1.2261230185269314
deepseek,1.9672355993496815
deepseek,0.611715556167932
deepseek,5.1072299136145
deepseek,0.36026115785985746
deepseek,25.423539797205635
deepseek,0.10024438320443338
deepseek,0.7895762392090552
deepseek,0.573406205337328
deepseek,0.8633162624105174
deepseek,2.3130431239304485
deepseek,0.2785795456003227
deepseek,1.0412004057644
deepseek,0.5059908743752155
deepseek,0.1749091162259924
deepseek,1.415308807592991
deepseek,1.7787216507575963
deepseek,0.07762327774913448
deepseek,1.224846528891019
deepseek,1.462896741151075
deepseek,2.49759491312163
deepseek,23.921955769550816
deepseek,0.01852914712547598
deepseek,1.0651277712076186
deepseek,0.7626407177989784
deepseek,0.10992198972102357
deepseek,76.22568926663664
deepseek,3.6680743644476697
deepseek,0.12406041748592618
deepseek,0.03886509447089224
deepseek,0.047095671872393385
deepseek,7.358143993712935
deepseek,1.0436095706613409
deepseek,12.607623891549897
deepseek,1.2495683008876441
deepseek,3.7458636640610172
deepseek,0.24743144743974296
deepseek,10.570444289924364
deepseek,0.4479283990326728
deepseek,3.014771560867436
deepseek,1.448672452373788
deepseek,0.24999932814835613
deepseek,57.29565482590363
deepseek,0.7600432991204035
deepseek,0.6266203283855218
deepseek,0.4499371405580691
deepseek,2.94447999640133
deepseek,58.395504359086424
deepseek,2.232981920190088
deepseek,18.147156725340803
deepseek,108.6084043793631
deepseek,0.692604464410436
deepseek,3.509039482525449
deepseek,2.3333169974508894
deepseek,4.1304473147603735
deepseek,11.248701936739455
deepseek,0.0628103421043899
deepseek,0.14708083269990524
deepseek,0.3613333584137314
deepseek,40.08129797576638
deepseek,28.344803363192
deepseek,0.04656631138730755
deepseek,9.145215284440209
deepseek,2.744589940856554
deepseek,5.921806613107844
deepseek,24.658569760773453
deepseek,2.214050277855005e-05
deepseek,1.9405285741448557
deepseek,3.512279012028047
deepseek,2.6201850210342443
deepseek,9.420105608056824
deepseek,44.88629723843354
deepseek,0.38322372880214595
deepseek,0.31113447107919273
deepseek,1.942652040156567
deepseek,10.436977051102257
deepseek,4.255940377316081
deepseek,9.249345944336866
deepseek,41.13172589513931
deepseek,1.0384130497753912
deepseek,2.737249569866784
deepseek,0.05062018254658393
deepseek,0.30102662246199735
deepseek,0.1544920150826685
deepseek,0.1781019460016227
deepseek,4.622006887716487
deepseek,2.2493117330213392
deepseek,2.1903547705825095
deepseek,9.205593655316687
deepseek,0.04549366109299019
deepseek,0.03053122397054093
deepseek,0.16742031126011514
deepseek,20.055557670052004
deepseek,8.139666749485546
deepseek,0.7134560132019829
deepseek,1.2584793757889394
deepseek,0.2566504306075916
deepseek,6.01026378382002
deepseek,0.48209719531200323
deepseek,1.824978828549029
deepseek,39.2174811642083
deepseek,27.40087441659465
deepseek,7.1057864642896424
deepseek,2.3829819524478864
deepseek,0.5228060032265046
deepseek,7.886983339428803
deepseek,0.3051966961136102
deepseek,0.41193054747302105
deepseek,0.40601278835038973
deepseek,2.7095325399346053
deepseek,3.9116244956562394
deepseek,13.496692968847336
deepseek,2.7606318276386714
deepseek,0.014580684420445765
deepseek,16.471155461336885
deepseek,10.872885527141719
deepseek,1.2019384975517837
deepseek,0.014808597671400987
deepseek,0.0949216019645566
deepseek,10.299006042041928
deepseek,1.7928189318287548
deepseek,0.4999999999696429
deepseek,2.011985584597821
deepseek,0.6408341600455427
deepseek,28.820344089850664
deepseek,17.712588413520496
deepseek,11.601730165531748
deepseek,2.679224610817677
deepseek,0.0010237289162344544
deepseek,1.9999513226063603
deepseek,2.2499054514125496
deepseek,2.9997862288175634
deepseek,0.004750492409709681
deepseek,4.68125283197254
deepseek,0.7737079775332933
deepseek,2.367123672156123
deepseek,9.813914007463213
deepseek,0.41352648877523507
deepseek,0.6184346749781978
deepseek,0.6488121992419875
deepseek,3.1731544401096614
deepseek,1.547899875482291
deepseek,3.665318113310478
deepseek,0.3537124821971061
deepseek,7.433758686654386
deepseek,1.7499827264260883
deepseek,0.07626200518163101
deepseek,4.221279078517361
deepseek,1.327350033005654
deepseek,1.5557316097254306
deepseek,0.28434480500310644
deepseek,0.03353275766119915
deepseek,3.27870393461904
deepseek,3.27177574393571
deepseek,3.7818923101191517
deepseek,0.09024656534617584
deepseek,0.8027779223927011
deepseek,0.1501820633515385
deepseek,25.7869012210148
deepseek,0.3819878821474934
deepseek,3.459850700787292
deepseek,12.740233459634451
deepseek,0.34786633550342716
deepseek,0.4829295639531835
deepseek,0.1750766438128895
deepseek,0.0051287177720036325
deepseek,3.047801633713438
deepseek,24.16571581710506
deepseek,0.08242450614908658
deepseek,3.0350531821302704
deepseek,3.4999966344820734
deepseek,0.9725377059769311
deepseek,1.508642292131263
deepseek,10.849884298949117
deepseek,19.58451473466932
deepseek,1.5496260255736247
deepseek,3.622030721947258
deepseek,3.017049704868558
deepseek,0.48140728846999226
deepseek,12.385488277590106
deepseek,1.238933864022628
deepseek,0.8962332941414397
deepseek,3.3178852826698293
deepseek,15.882951798896567
deepseek,0.36933894914710724
deepseek,0.383483070541454
deepseek,0.8622997520077146
deepseek,1.426607262707174
deepseek,0.036539533217858765
deepseek,0.00561327108248928
deepseek,14.412919095214091
deepseek,0.10623774291474371
deepseek,1.3673352746939438
deepseek,22.00759274976794
deepseek,0.5000515875541757
deepseek,0.8211020302588934
deepseek,1.4621975078645009
deepseek,2.09444526710697
deepseek,0.8624954368578186
deepseek,4.603364888833848
deepseek,1.5570821921163724
deepseek,2.630013936093596
deepseek,6.5799325835625195
deepseek,2.4305330227671798
deepseek,1.1332304725251291e-07
deepseek,0.6153065327808758
deepseek,0.19960837031820458
deepseek,0.8250630951238702
deepseek,0.277133351985064
deepseek,1.3297259093049
deepseek,0.08478242836126823
deepseek,0.38561352905589996
deepseek,2.2760013919587414
deepseek,3.621486683456654
deepseek,0.2088160747357159
deepseek,1.500012589382005
deepseek,8.99448626151809
deepseek,1.4843519337800424
deepseek,0.28063935213148883
deepseek,16.576216460490897
deepseek,18.394203790436443
deepseek,26.17437688774025
deepseek,1.4637263610613505
deepseek,11.17048008866023
deepseek,2.6218937821645794
deepseek,7.235934204076396
deepseek,12.497150422359773
deepseek,4.628267372752072
deepseek,0.7023981077713098
deepseek,2.11968236110783
deepseek,3.1767791953778883
deepseek,8.565692001863702
deepseek,0.049129622537361264
deepseek,1.432337655083029
deepseek,1.0370524341241691
deepseek,0.08128260562264783
deepseek,1.862942795485228
deepseek,0.044779243010383454
deepseek,81.73960341799949
deepseek,23.492517768050682
deepseek,3.0624820365780465
deepseek,1.5345905780341615
deepseek,3.4236041452241057
deepseek,2.364872917321976
deepseek,97.37271229278959
deepseek,2.6341016390962837
deepseek,26.368725498313587
deepseek,0.043197971333068956
deepseek,0.6765901500308324
deepseek,0.916809634907176
deepseek,9.160041792057209
deepseek,4.747310803659619
deepseek,9.775332115075557
deepseek,0.4564444082749363
deepseek,1.1785860598477231
deepseek,0.11491416655038011
deepseek,6.979507911730118
deepseek,14.391785517215029
deepseek,0.011825706004151086
deepseek,13.322429948772763
deepseek,6.994458119027211
deepseek,1.1393601786347136
deepseek,0.7159806374493266
deepseek,1.9519002129852911
deepseek,1.9245156915518022
deepseek,2.397225383208009
deepseek,6.192466462348744
deepseek,1.6025125635896016
deepseek,0.2936379193347883
gpt4o,1.031197937020988
gpt4o,2.5923615898025028
gpt4o,108.34754065029054
gpt4o,2.0760943211833123
gpt4o,0.5273069949276386
gpt4o,103.59365348820342
gpt4o,0.7662989940516716
gpt4o,4.5020730840172245
gpt4o,0.3447487918044905
gpt4o,0.007242163138785089
gpt4o,0.44328495053877653
gpt4o,1.8646389118634283
gpt4o,2.342471992308787
gpt4o,0.2464517037015933
gpt4o,0.1983451638234781
gpt4o,1.0128343444747463
gpt4o,104.17641882204957
gpt4o,0.08492260241888759
gpt4o,0.5110969149139434
gpt4o,126.31465761451342
gpt4o,0.512344074642672
gpt4o,2.539857058058987
gpt4o,1.2497641341848773
gpt4o,7.151914312163265
gpt4o,1.8175123480295696
gpt4o,3.4091675962358363
gpt4o,4.656046178297021
gpt4o,0.32724727117265556
gpt4o,0.5968297091114686
gpt4o,1.0285131719503533
gpt4o,1.1206713733131168
gpt4o,1.9334851738058438
gpt4o,0.25212489937037147
gpt4o,4.562409904274823
gpt4o,1.6231924092234244
gpt4o,26.076038574968123
gpt4o,84.24174646314472
gpt4o,16.52098664114533
gpt4o,1.7120583181334377
gpt4o,1.681470152931824
gpt4o,1.5933480008607983
gpt4o,1.3198097325300202
gpt4o,1.6575690757975972
gpt4o,4.3016856567941275
gpt4o,8.000179988820623
gpt4o,0.3579770066209438
gpt4o,2.4924345568158364
gpt4o,1.5007458244854064
gpt4o,0.4166098017027727
gpt4o,120.0169030207106
gpt4o,1.1710869371244272
gpt4o,2.183629068586365
gpt4o,0.6929417117263861
gpt4o,6.643222132967201
gpt4o,1.6907576530967794
gpt4o,1.401166606895106
gpt4o,4.6404701212799
gpt4o,0.7084452998495894
gpt4o,0.8320993568798636
gpt4o,10.034553544685114
gpt4o,0.06489023402355576
gpt4o,0.9683537051075348
gpt4o,2.83647669016589
gpt4o,12.764499027219697
gpt4o,18.22167839601289
gpt4o,0.333842274974797
gpt4o,4.455507454090157
gpt4o,0.1545303010372534
gpt4o,0.00014540940291029106
gpt4o,148.80095689539473
gpt4o,144.34876425503487
gpt4o,155.14232481031067
gpt4o,0.055790786814555085
gpt4o,0.05099115089306323
gpt4o,0.15928018926870177
gpt4o,1.2982314005019306
gpt4o,3.2350611571556867
gpt4o,2.5624889725086972
gpt4o,0.08573437517370538
gpt4o,0.7499724326738629
gpt4o,1.0686046043095276
gpt4o,1.204734643957383
gpt4o,3.273665757675606
gpt4o,1.6759428316851777
gpt4o,4.342429100222035
gpt4o,3.010727481066964
gpt4o,206.9037190102879
gpt4o,8.999947893121009
gpt4o,6.812444772391504
gpt4o,1.8969877950139893
gpt4o,1.9786476013235141
gpt4o,24.745096882875316
gpt4o,0.002085123987662474
gpt4o,3.1783554033491734
gpt4o,1.2638593703635235
gpt4o,143.28406949664867
gpt4o,26.84142961187755
gpt4o,6.218691603550157
gpt4o,8.427088911991227
gpt4o,0.1568927944810633
gpt4o,0.5951688499035915
gpt4o,0.01402490896114388
gpt4o,3.1551318734230653
gpt4o,0.8542213205321354
gpt4o,1.0002132375818547
gpt4o,2.5977724410306005
gpt4o,118.44755122565017
gpt4o,1.6286046086404689
gpt4o,9.759453295020585
gpt4o,93.58760489578988
gpt4o,17.127380237713677
gpt4o,0.030340456253526403
gpt4o,4.163473969860797
gpt4o,3.2103042793351735
gpt4o,2.5106985419521624
gpt4o,7.583540214118045
gpt4o,5.313401007355518
gpt4o,0.5156916806321605
gpt4o,6.980293069231678
gpt4o,0.18106216751402718
gpt4o,0.3670320016528825
gpt4o,1.2570317744785884
gpt4o,2.4408630112448364
gpt4o,0.4021124103858358
gpt4o,1.4631943467914008
gpt4o,1.0294424199306098
gpt4o,0.7969995131182069
gpt4o,1.3567880202563163
gpt4o,0.035684071773239845
gpt4o,11.003711350390109
gpt4o,34.685017981935445
gpt4o,3.0361982825385594
gpt4o,107.65265233907924
gpt4o,124.62656049490626
gpt4o,14.405272628785971
gpt4o,36.77955399945069
gpt4o,1.5745121310546342
gpt4o,1.3167685147243544
gpt4o,10.071134893875959
gpt4o,3.517699510752007
gpt4o,1.9564438999945364
gpt4o,1.2189104877967845
gpt4o,1.2777490406439176
gpt4o,2.1472380679497154
gpt4o,0.5489601475219335
gpt4o,1.5556918171565168
gpt4o,4.022383258869969
gpt4o,0.33834895019747013
gpt4o,0.4299566208194885
gpt4o,30.73693978247263
gpt4o,2.1473210260627997
gpt4o,1.2031012659172762
gpt4o,0.32665403593700376
gpt4o,187.6880897609145
gpt4o,3.479923952740914
gpt4o,0.31242276234479727
gpt4o,1.8281840934628717
gpt4o,0.39069935392003274
gpt4o,2.828337468239826
gpt4o,4.922467071845963
gpt4o,2.056208947482939
gpt4o,4.107677639736687
gpt4o,0.7500000000134935
gpt4o,0.8322732292658191
gpt4o,13.490248965887194
gpt4o,0.9999672364609151
gpt4o,34.333330282164155
gpt4o,10.997381912633825
gpt4o,0.0568345529404258
gpt4o,2.179137637929139
gpt4o,28.656225178988763
gpt4o,0.2870984938791268
gpt4o,9.633680705578744
gpt4o,10.200047858957923
gpt4o,4.143102396497772
gpt4o,0.3092697354512842
gpt4o,0.30737330482286973
gpt4o,0.28317089639308646
gpt4o,139.06577003555194
gpt4o,0.6382866412943999
gpt4o,0.38464141207221464
gpt4o,2.655601193005834
gpt4o,7.997708759663052
gpt4o,126.91792817367357
gpt4o,23.104330610107084
gpt4o,0.7033846653154198
gpt4o,1.8451746564453062
gpt4o,5.529947473341624
gpt4o,1.3111266474090653
gpt4o,5.326820583495474
gpt4o,1.1696662625566863
gpt4o,20.77467187455437
gpt4o,20.9986521819607
gpt4o,25.61366949766277
gpt4o,4.395443916509678
gpt4o,0.09499334282825102
gpt4o,0.2990069860071324
gpt4o,0.5510633080329587
gpt4o,0.5859827984451011
gpt4o,38.59352600575467
gpt4o,1.9142740444178896
gpt4o,8.431269646889014
gpt4o,2.929686283254575
gpt4o,5.695643111216869
gpt4o,1.2344744101282221
gpt4o,16.638834569186816
gpt4o,1.2148569507235796
gpt4o,11.113969904543495
gpt4o,0.1936772816818186
gpt4o,0.3460840256790436
gpt4o,0.2586434867779902
gpt4o,1.0590836038974363
gpt4o,0.9768982849752605
gpt4o,2.8735900793978
gpt4o,9.784919771220673
gpt4o,0.35459547799959396
gpt4o,25.03471569285054
gpt4o,2.813535878185187
gpt4o,1.1308076823442486
gpt4o,0.8594262887440934
gpt4o,4.306922412833187
gpt4o,2.047378787875505
gpt4o,4.385523323142421
gpt4o,0.5494028465064849
gpt4o,3.545410845926921
gpt4o,151.05469409958408
gpt4o,17.728097438975063
gpt4o,0.0014552689190968637
gpt4o,6.2007666875221075
gpt4o,0.2434154850746784
gpt4o,0.2500000001143967
gpt4o,0.8529613171473436
gpt4o,1.2053893427645743
gpt4o,7.89547269141532
gpt4o,1.4730830959385335
gpt4o,9.881879488454516
gpt4o,5.567844970673958
gpt4o,2.798262121820602
gpt4o,0.6736806035364288
gpt4o,3.175906279449679
gpt4o,2.2253671858306516
gpt4o,116.51202729405054
gpt4o,1.8576793994597551
gpt4o,101.60242229253659
gpt4o,2.420270146575943
gpt4o,14.422107878766493
gpt4o,1.1150036649372463
gpt4o,0.847997230432878
gpt4o,4.402872151838676
gpt4o,1.1771639714357494
gpt4o,4.534617499039241
gpt4o,0.011242844588622678
gpt4o,3.4255815881110383
gpt4o,10.090062611243274
gpt4o,171.78405311558885
gpt4o,0.3427808597028357
gpt4o,0.3122870027483866
gpt4o,0.005791285506642671
gpt4o,0.1909551305572933
gpt4o,24.23812451813222
gpt4o,0.017363433755108515
gpt4o,0.7558785012907874
gpt4o,1.9671841743500562
gpt4o,0.6117155561679323
gpt4o,1.0000276880252013
gpt4o,0.36053096224738185
gpt4o,114.19908702820041
gpt4o,0.10024438320443332
gpt4o,0.7899813495926098
gpt4o,1.5439291412099923
gpt4o,0.8620434790247371
gpt4o,4.999999959301075
gpt4o,4.861047277156272
gpt4o,0.7803085953581759
gpt4o,0.4746788742720135
gpt4o,0.1748999331795032
gpt4o,1.4153533870622077
gpt4o,0.5519117886205345
gpt4o,0.07148570214555267
gpt4o,1.6375547718506205
gpt4o,1.4628563357869986
gpt4o,2.4975949131216306
gpt4o,23.921955769550824
gpt4o,3.0183699941740003
gpt4o,0.5651130783399824
gpt4o,0.7766945298336083
gpt4o,13.421388402592768
gpt4o,192.67419727002692
gpt4o,21.444471435578397
gpt4o,1.4386558617991203
gpt4o,0.044254957681978395
gpt4o,19.733146679415654
gpt4o,1.1960267682869297
gpt4o,12.607623891549908
gpt4o,1.2990826963125892
gpt4o,1.8607826827839609
gpt4o,0.453151102120509
gpt4o,3.0147476849600556
gpt4o,12.558617033527264
gpt4o,1.600947790256179
gpt4o,0.7579238177582724
gpt4o,0.0009672441467278858
gpt4o,1.5844153693940561
gpt4o,211.95698528948137
gpt4o,6.557033069512471
gpt4o,3.1459633817291657
gpt4o,16.83537202142101
gpt4o,9.1906487802745
gpt4o,21.940981126832845
gpt4o,0.8717203159859501
gpt4o,0.43297316953759957
gpt4o,4.162246479902025
gpt4o,10.983904970943755
gpt4o,0.06843986055238187
gpt4o,0.022080365434222954
gpt4o,1.8115376886198633
gpt4o,0.6612050479278323
gpt4o,9.895215284440209
gpt4o,3.5350559518014486
gpt4o,124.34998996011828
gpt4o,0.0018392102438736478
gpt4o,0.30683633477938055
gpt4o,0.313899164094702
gpt4o,2.357914151501699
gpt4o,10.379590958110251
gpt4o,21.478518033156767
gpt4o,0.38215439114094435
gpt4o,0.5060989404761499
gpt4o,0.9667037144298705
gpt4o,19.330522329850375
gpt4o,1.9188885179891213
gpt4o,0.0006540556631300376
gpt4o,137.95977958342723
gpt4o,1.0384018697809505
gpt4o,4.990611296513222
gpt4o,0.3508352002115109
gpt4o,1.4562533518631016
gpt4o,0.29691651305858496
gpt4o,0.1781019460016227
gpt4o,6.122006887716486
gpt4o,2.249311733021338
gpt4o,0.49999691007370095
gpt4o,9.207059356882581
gpt4o,1.8032229737074226
gpt4o,0.05158738826180713
gpt4o,0.1674203112601152
gpt4o,0.02639136973116188
gpt4o,137.55664603073393
gpt4o,0.7134560132019828
gpt4o,0.6383816978469742
gpt4o,0.25665043060759196
gpt4o,0.1678915582546971
gpt4o,0.09727627185522487
gpt4o,159.36023984069809
gpt4o,149.40004853371624
gpt4o,10.761702506740832
gpt4o,5.167790834300742
gpt4o,0.5228060032265045
gpt4o,9.529755182716197
gpt4o,8.531852800556202
gpt4o,0.4259117871952566
gpt4o,0.4027244522546314
gpt4o,117.39522537710539
gpt4o,2.7305407289976986
gpt4o,1.6193023270939837
gpt4o,13.79738992734088
gpt4o,0.8486785584980578
gpt4o,0.014587184006533815
gpt4o,32.07865740057926
gpt4o,0.510939979230395
gpt4o,0.040206311143962684
gpt4o,1.8207034683337122
gpt4o,18.699099335420808
gpt4o,14.27080812583228
gpt4o,1.2296601313699553
gpt4o,3.541505701641114
gpt4o,0.6396761833328575
gpt4o,22.726122447269073
gpt4o,125.39655703287896
gpt4o,71.92072090256704
gpt4o,0.006094624638920198
gpt4o,0.9999329565268752
gpt4o,2.37071555730343
gpt4o,3.6333405810759953
gpt4o,0.005919073622228264
gpt4o,4.68125283197254
gpt4o,0.7603566135512735
gpt4o,0.6662294750108053
gpt4o,9.813914007463215
gpt4o,0.4036940373650236
gpt4o,0.6530401505760159
gpt4o,0.6522213759499873
gpt4o,3.17315444010966
gpt4o,1.5725129302483873
gpt4o,1.5804615301192062
gpt4o,0.3568360459083275
gpt4o,7.433692568807363
gpt4o,0.3447559970249843
gpt4o,0.35190127415947586
gpt4o,22.341538116468303
gpt4o,7.312200710812816
gpt4o,0.5797832839987337
gpt4o,0.2187139193082457
gpt4o,3.503928650003297
gpt4o,2.7608296173552604
gpt4o,0.95117878479723
gpt4o,4.346080919373352
gpt4o,1.8221358189707042
gpt4o,0.3482276582338072
gpt4o,6.069628848197255
gpt4o,2.452419116008309
gpt4o,2.149654055646117
gpt4o,12.499923164294579
gpt4o,3.658989442346536
gpt4o,2.9931630683003227
gpt4o,1.7515392272931556
gpt4o,9.246491766444803
gpt4o,28.881669534483386
gpt4o,0.5462208797921523
gpt4o,0.5968683037811067
gpt4o,3.4999672487670384
gpt4o,1.9674218310140081
gpt4o,2.0779757311170943
gpt4o,10.849884298949116
gpt4o,17.699394411683855
gpt4o,1.7969749208664245
gpt4o,3.6220307219472594
gpt4o,0.01701664594167429
gpt4o,4.668907288469992
gpt4o,0.6406831953455825
gpt4o,0.998932521023778
gpt4o,6.089646090668481
gpt4o,0.1306610508528917
gpt4o,3.6122916276038497
gpt4o,0.713599265396573
gpt4o,0.9266072627071754
gpt4o,0.03653953321785935
gpt4o,7.994386728917508
gpt4o,0.6986002269478777
gpt4o,0.9999704517371603
gpt4o,0.6914260693320246
gpt4o,1.4621994645669139
gpt4o,8.40555473289303
gpt4o,0.8624954368578187
gpt4o,4.377539356598245
gpt4o,13.057636702962093
gpt4o,1.7093135762217366
gpt4o,2.9962153835472574
gpt4o,1.133230469172776e-07
gpt4o,3.031910725498051
gpt4o,0.8193828933345637
gpt4o,0.5122579892970138
gpt4o,2.3179634838355225
gpt4o,3.670255475339753
gpt4o,0.005829719522911728
gpt4o,0.7111618623219164
gpt4o,1.587242518339533
gpt4o,3.1353625310679014
gpt4o,2.429879235182481
gpt4o,1.0369453385488285
gpt4o,9.580774336841552
gpt4o,0.16971725593809572
gpt4o,0.03212371264462628
gpt4o,3.1318964713742794
gpt4o,41.72575496143391
gpt4o,150.49059916406134
gpt4o,3.4938038960852356
gpt4o,0.8909205355619934
gpt4o,6.885387421827519
gpt4o,60.66595544014495
gpt4o,6.328649408006268
gpt4o,0.6117533954613855
gpt4o,0.058727320843906944
gpt4o,0.30802752795169397
gpt4o,24.94483955956322
gpt4o,0.09825335625423293
gpt4o,0.18508022337848384
gpt4o,2.9763143851156135
gpt4o,0.021059480379282052
gpt4o,0.8629427954852291
gpt4o,7.04184551782629
gpt4o,8.76165969862563
gpt4o,61.70642750202588
gpt4o,3.062445304432566
gpt4o,3.1530375782649998
gpt4o,21.168520361695197
gpt4o,2.406978998306513
gpt4o,83.34103606178887
gpt4o,0.2907302763050881
gpt4o,4.233302385569246
gpt4o,0.053462857195587105
gpt4o,1.5849468997687726
gpt4o,2.9149815245920476
gpt4o,12.40891653583301
gpt4o,4.74731080365962
gpt4o,9.775332115075562
gpt4o,3.9701708186599376
gpt4o,1.5658084462784794
gpt4o,9.042590073190777
gpt4o,49.43867649423147
gpt4o,0.02165829773929593
gpt4o,13.322429948772763
gpt4o,5.661603992581369
gpt4o,0.37811575598483715
gpt4o,1.0862789853125485
gpt4o,0.45186354461902506
gpt4o,0.7740342793262536
gpt4o,5.794392897080225
gpt4o,0.08897368977026976
gpt4o,1.9857788206516418
gpt5,1.031197937020986
gpt5,2.5923615898025028
gpt5,15.677002914431734
gpt5,1.9058016984554305
gpt5,0.6523069949276389
gpt5,0.9474778712900083
gpt5,4.502073084017226
gpt5,1.7499755212055943
gpt5,3.1990081146255216
gpt5,0.5551583835335734
gpt5,3.933261256928246
gpt5,2.1745605870910576
gpt5,0.5940784475720764
gpt5,2.3161808051364057
gpt5,1.0128343444747463
gpt5,142.56542855909822
gpt5,0.08543421726621761
gpt5,0.5110969149139438
gpt5,120.33759711632293
gpt5,1.1275716430868263
gpt5,2.5398570580589865
gpt5,1.249764134184877
gpt5,18.29843420683294
gpt5,1.81751234802957
gpt5,3.4091675962358368
gpt5,4.327247271172654
gpt5,0.5968297091114688
gpt5,0.1622008722408368
gpt5,0.012584609461695234
gpt5,2.3728312693517237
gpt5,5.454980796087278
gpt5,6.4251733977207826
gpt5,3.3953217324203617
gpt5,51.29979901335787
gpt5,59.74244882097252
gpt5,16.281878078259627
gpt5,3.700947207022323
gpt5,1.681470152931824
gpt5,1.895834784076986
gpt5,1.6575690757975974
gpt5,6.426685656794127
gpt5,175.50017998882058
gpt5,5.6106944286180855
gpt5,2.492434556815837
gpt5,0.9944768742021236
gpt5,0.3517977925791796
gpt5,102.93255971765318
gpt5,0.8585869371244271
gpt5,2.183629068586365
gpt5,2.26677809610141
gpt5,1.4352278580276623
gpt5,3.679910545658762
gpt5,1.406002480491481
gpt5,3.847793364458942
gpt5,0.5782970502859218
gpt5,0.7273418494562551
gpt5,10.034553544685101
gpt5,6.75563828463061
gpt5,0.9683537051075346
gpt5,14.887016919198045
gpt5,0.23550097278029858
gpt5,10.721678396012894
gpt5,0.013618687193948195
gpt5,9.891053039866676
gpt5,0.025117633023596708
gpt5,0.00015106332896969014
gpt5,33.80095689539481
gpt5,11.950377875682944
gpt5,144.82016773838822
gpt5,3.6290276163378135
gpt5,0.016317383457424083
gpt5,2.2768469733119487
gpt5,2.2982314005019298
gpt5,1.1358706047237277
gpt5,2.5624889725086972
gpt5,2.7504073044112833
gpt5,0.07962853122817071
gpt5,1.068604604309528
gpt5,1.204734643957383
gpt5,23.273665757675598
gpt5,1.6686586892067674
gpt5,5.230464860364085
gpt5,3.4870679975202394
gpt5,53.65714081398079
gpt5,5.210687898937749e-05
gpt5,1.6699124527370963
gpt5,0.1384800550224896
gpt5,9.978647601323514
gpt5,23.517455269560383
gpt5,0.002085123987662474
gpt5,0.7448484937457853
gpt5,1.2638593703635235
gpt5,160.59782417993057
gpt5,26.84142961187755
gpt5,1.715290991462323
gpt5,7.604958846550749
gpt5,0.36723216891019533
gpt5,0.5598850662542791
gpt5,3.509290588825444
gpt5,3.1551318734230653
gpt5,0.12102549179747263
gpt5,1.9998943600308343
gpt5,2.5977724410306005
gpt5,17.277277538280426
gpt5,0.8584534557063994
gpt5,9.759453295020586
gpt5,53.72048427163156
gpt5,1.6514797528863527
gpt5,3.483101643914766
gpt5,4.163473969860797
gpt5,0.05631322871143359
gpt5,0.01069854195216293
gpt5,0.6120473206494439
gpt5,6.822842077705507
gpt5,0.521683220347648
gpt5,2.9919577404980537
gpt5,0.2342739934415951
gpt5,0.3670320016528825
gpt5,0.8122884415853568
gpt5,1.042141552595847
gpt5,0.6394684852893331
gpt5,0.5771586110092342
gpt5,0.041135843297742475
gpt5,7.295874578507016
gpt5,1.064338417817273
gpt5,0.14412817589819593
gpt5,10.51120436496677
gpt5,25.63029933602799
gpt5,3.0329268358882997
gpt5,31.682124443045403
gpt5,16.33624932045511
gpt5,16.20457875107443
gpt5,31.505692284162564
gpt5,4.98263556009128
gpt5,1.3167685147243544
gpt5,24.071134893875964
gpt5,3.517699510752007
gpt5,2.9754952724278194
gpt5,7.031089512203214
gpt5,1.277749040643917
gpt5,0.10276193205028376
gpt5,4.5224806863959985
gpt5,1.9931918171565166
gpt5,3.538217912226604
gpt5,0.33834895019747013
gpt5,1.3698585623194317
gpt5,17.73693978247263
gpt5,2.8722195316352512
gpt5,1.000040589145051
gpt5,4.326096957579688
gpt5,50.93447124251271
gpt5,3.479923952740914
gpt5,3.6552626095599035
gpt5,1.4821462204224665
gpt5,0.39069935392003247
gpt5,1.1201571171480609
gpt5,4.922467071845963
gpt5,0.27374407529631567
gpt5,4.107677639736687
gpt5,0.7500000000134937
gpt5,0.8322732292658191
gpt5,13.490248965887194
gpt5,0.9807764231913847
gpt5,34.33333028216416
gpt5,2.160404339605745
gpt5,0.17556878338215515
gpt5,0.8569842251023461
gpt5,14.926098271766673
gpt5,1.4960409277583828
gpt5,9.63368070557874
gpt5,10.200073571339678
gpt5,0.1478430192786486
gpt5,0.3092697354512842
gpt5,2.02391606033639
gpt5,4.276790279086637
gpt5,40.7158881367338
gpt5,14.56534401801419
gpt5,0.11769463961230625
gpt5,26.155601193005822
gpt5,23.088738482056414
gpt5,169.573966376415
gpt5,10.982654027417148
gpt5,0.26721098418666556
gpt5,1.0984949689453076
gpt5,5.7682655449069005
gpt5,1.1861266474090655
gpt5,2.3764204988259845
gpt5,0.29466626255668604
gpt5,7.040648172509176
gpt5,7.018926293926625
gpt5,25.613669497662777
gpt5,4.39174489675378
gpt5,10.54340048167145
gpt5,0.2990069860071324
gpt5,7.051063308032956
gpt5,0.14073070711419272
gpt5,39.09352600575467
gpt5,18.914274044417887
gpt5,8.431269646889014
gpt5,2.929686283254576
gpt5,4.2197491099558215
gpt5,2.1050615469872263
gpt5,14.63545780681739
gpt5,1.2175320227612085
gpt5,11.113969904543493
gpt5,0.19367728168181875
gpt5,8.596084025679046
gpt5,0.09108428546962921
gpt5,1.0590836038974363
gpt5,5.023101715024739
gpt5,2.2942620196484285
gpt5,9.784919771220675
gpt5,0.8059631087739116
gpt5,24.98483423554041
gpt5,2.8596169912811447
gpt5,0.36919231765575083
gpt5,0.015573711255905832
gpt5,15.959095328594284
gpt5,2.047378787875505
gpt5,4.385523323142421
gpt5,0.32418966353115025
gpt5,0.30365912075619095
gpt5,17.648288377583846
gpt5,26.14713321209327
gpt5,0.8021047304424125
gpt5,6.697081131382133
gpt5,0.24341548507467842
gpt5,0.25000000011439627
gpt5,0.8529613171473445
gpt5,10.705389342764574
gpt5,7.895472691415313
gpt5,1.4730830959385346
gpt5,7.721040580450989
gpt5,1.4510519054727893
gpt5,2.7982621218206023
gpt5,0.6736806035364288
gpt5,3.175906279449679
gpt5,0.1516681092508991
gpt5,27.160388190810814
gpt5,1.5798206005402444
gpt5,118.00476102095432
gpt5,2.423233988111796
gpt5,14.42210787876648
gpt5,2.634996335062749
gpt5,0.174038757970355
gpt5,9.366309984988778
gpt5,0.9345368716401377
gpt5,0.03461749903924193
gpt5,4.75767250022801
gpt5,2.6756536368686463
gpt5,10.090062611243274
gpt5,34.78405311558887
gpt5,3.3461682996759103
gpt5,2.5057912855066413
gpt5,2.6909551305572923
gpt5,24.23812451813222
gpt5,0.009954484053151063
gpt5,1.2261230185269316
gpt5,1.9671841743500562
gpt5,0.6117155561679319
gpt5,1.0000276880252013
gpt5,0.3616541570024785
gpt5,21.314665157838906
gpt5,0.1002443832044334
gpt5,8.289981349592608
gpt5,4.076128142144246
gpt5,7.8633159750848876
gpt5,4.999999959301075
gpt5,0.2785795456003232
gpt5,2.633839482975247
gpt5,0.4746788742720134
gpt5,0.09367858921125394
gpt5,9.393569543877453
gpt5,0.5519117886205342
gpt5,0.0799496265418778
gpt5,3.0634115813592864
gpt5,1.4628563357869986
gpt5,2.4975949131216306
gpt5,169.50765014079397
gpt5,0.14133891984211172
gpt5,0.5651130783399824
gpt5,4.762991399094272
gpt5,0.0541572504172254
gpt5,8.434471242512723
gpt5,27.071102115275462
gpt5,0.038865094470891856
gpt5,0.04425495768197847
gpt5,43.79498982320132
gpt5,1.302667320798607
gpt5,195.10762389154985
gpt5,5.704331820961232
gpt5,1.860782682783961
gpt5,9.438171433405252
gpt5,0.45315110212050913
gpt5,2.008808895410735
gpt5,0.44138296647273156
gpt5,1.7099688088409173
gpt5,0.7584759090080753
gpt5,0.4650086482242949
gpt5,1.5844153693940561
gpt5,46.456985289481416
gpt5,3.9922705632731237
gpt5,18.158196807458317
gpt5,195.81565978360004
gpt5,0.713546250631324
gpt5,2.6596872179176994
gpt5,0.8717203159859502
gpt5,0.02647870400649044
gpt5,4.162246479902025
gpt5,2.983904970943761
gpt5,0.07326572005487367
gpt5,5.95196710550184
gpt5,3.4065967943432294
gpt5,0.046553455128968586
gpt5,5.702154262480818
gpt5,0.03787578081896026
gpt5,17.587714680610326
gpt5,0.007577473315242041
gpt5,0.30683633477938044
gpt5,3.5122790120280474
gpt5,2.0221387885369904
gpt5,9.36157893565199
gpt5,21.478518033156764
gpt5,9.207110009866144
gpt5,1.4090171412131796
gpt5,1.7582400420754873
gpt5,25.513962156900515
gpt5,22.41888851798912
gpt5,9.249345944336866
gpt5,134.49903537776666
gpt5,1.0114718038862927
gpt5,5.469178080766543
gpt5,0.24001947191533685
gpt5,2.00404423153036
gpt5,1.4400008164857119
gpt5,1.754579437937939
gpt5,4.622006887716487
gpt5,2.249311733021338
gpt5,0.4999969100737013
gpt5,6.71377090656091
gpt5,0.045493661092990176
gpt5,0.05158738826180713
gpt5,0.6318177785555524
gpt5,0.026391369731162094
gpt5,82.19778332913879
gpt5,0.7745719207670912
gpt5,0.0927201452942043
gpt5,1.917677572879006
gpt5,0.09727627185522487
gpt5,189.60831655324287
gpt5,27.40087441659462
gpt5,1.066018588548797
gpt5,17.25798195244788
gpt5,0.5228060032265045
gpt5,2.2797551827161975
gpt5,13.444803303886388
gpt5,0.4259117871952565
gpt5,0.4130177110740312
gpt5,12.740612747181228
gpt5,1.6193023270939837
gpt5,13.0436488382736
gpt5,2.760631827638672
gpt5,1.9802627651445772
gpt5,12.298517545566845
gpt5,0.3215446803759714
gpt5,0.014809179683450455
gpt5,3.6427835643877087
gpt5,18.6990993354208
gpt5,14.281772599851696
gpt5,0.49999999996964234
gpt5,3.961059704838603
gpt5,0.647901153019122
gpt5,22.726122447269063
gpt5,15.576650017265063
gpt5,66.38094393887259
gpt5,2.0019323487034186
gpt5,0.9999329565268752
gpt5,2.2374545562378465
gpt5,4.133810337203048
gpt5,0.005919073622228264
gpt5,3.818747168027458
gpt5,0.011891738765169047
gpt5,0.2911976495422061
gpt5,9.813914007463211
gpt5,0.3972186596160685
gpt5,0.3539609042995442
gpt5,0.5748237025942169
gpt5,26.66538582065991
gpt5,1.5725129302483873
gpt5,1.668210289152706
gpt5,0.3592481970640942
gpt5,7.433692568807363
gpt5,0.2373245880686814
gpt5,0.8454248396950299
gpt5,5.479108746625795
gpt5,7.330598293423822
gpt5,1.555731609725431
gpt5,0.4702698912561789
gpt5,1.5276759613936133
gpt5,3.488267103810089
gpt5,1.2506044735955442
gpt5,3.5118676126691977
gpt5,1.2887728667852063
gpt5,0.4705408877166811
gpt5,0.15018206335153786
gpt5,1.1319878821474934
gpt5,1.1003459443538817
gpt5,6.434162674219715
gpt5,4.1380916972291795
gpt5,0.49700958445211085
gpt5,1.7523777339864421
gpt5,10.44258642418556
gpt5,28.863763152203468
gpt5,0.2180991847420487
gpt5,0.4768608821180207
gpt5,3.499967248767038
gpt5,1.0021809108703084
gpt5,2.0779757311170943
gpt5,47.703178307478495
gpt5,12.806649643412847
gpt5,1.194124835224713
gpt5,10.701062703140224
gpt5,0.01701664594167429
gpt5,4.668907288469992
gpt5,12.385488277590106
gpt5,0.30837567669180455
gpt5,2.619093996784335
gpt5,15.882951798896572
gpt5,0.36933894914710796
gpt5,0.3852300950434401
gpt5,0.8622997520077147
gpt5,0.5866393070755214
gpt5,0.03653953321785924
gpt5,14.494386728917508
gpt5,0.8673205818263076
gpt5,0.9999704517371603
gpt5,0.6914260693320246
gpt5,1.5361919493185767
gpt5,1.8649853838335186
gpt5,1.3624954368578186
gpt5,4.640728079436309
gpt5,1.550160863817163
gpt5,2.701049113411819
gpt5,2.7624189809617623
gpt5,2.3104535721252533
gpt5,0.01716295012387284
gpt5,1.3432173627323671
gpt5,0.5800424472802967
gpt5,2.785154192544047
gpt5,3.6682510872383767
gpt5,0.09692493825322684
gpt5,1.112916826818178
gpt5,2.4658863783079195
gpt5,10.61333959886657
gpt5,0.6305612225062379
gpt5,1.500012589382005
gpt5,9.639404672756708
gpt5,0.6986512563481767
gpt5,8.031638321990958
gpt5,16.472830160918114
gpt5,45.773595889628844
gpt5,26.692146231541738
gpt5,3.49029748726908
gpt5,0.8866229953195115
gpt5,7.045527506175703
gpt5,28.663817089026434
gpt5,6.328649408006268
gpt5,0.6009792854642094
gpt5,1.0334696054368926
gpt5,0.914287717108861
gpt5,9.0044713906812
gpt5,14.087982185807476
gpt5,0.9053389136114647
gpt5,1.0851933188442846
gpt5,0.0056057595544175
gpt5,0.8481665047477316
gpt5,7.054553458493861
gpt5,150.2895284171683
gpt5,59.433653336474485
gpt5,3.062445304432566
gpt5,2.5498770205997907
gpt5,4.092651396944013
gpt5,2.406978998306513
gpt5,14.265512017187392
gpt5,0.31439458689414
gpt5,4.233302385569246
gpt5,0.046970499894916154
gpt5,0.6765901500308324
gpt5,2.91425252533371
gpt5,8.305979216372695
gpt5,1.7473108036596194
gpt5,9.775332115075562
gpt5,4.124685700462485
gpt5,0.10333810222693537
gpt5,9.335549582752762
gpt5,5.021658297739294
gpt5,1.2101288734943605
gpt5,1.161603992581369
gpt5,0.2526007691511634
gpt5,1.9519002129852911
gpt5,2.0481364553809738
gpt5,2.4450818104280856
gpt5,6.192466462348743
gpt5,0.08897368977026976
gpt5,0.05788754972877163
quasar_response,14.04195169568739
quasar_response,2.566578256770186
quasar_response,2.7754048581954596
quasar_response,0.3560194555153602
quasar_response,0.790033188222603
quasar_response,3.348523728761867
quasar_response,0.6852969204910226
quasar_response,0.04439177477841394
quasar_response,1.545307329686029
quasar_response,0.5068146401322242
quasar_response,0.35341894851415356
quasar_response,1.8448120552067788
quasar_response,8.79076997113966
quasar_response,0.12260198842082426
quasar_response,2.683572010262987
quasar_response,0.09790269458973411
quasar_response,0.9322235817766367
quasar_response,0.4625832042152953
quasar_response,19.12946018294484
quasar_response,12.209260096407053
quasar_response,26.283588527528384
quasar_response,0.1965205603843107
quasar_response,0.08227838751966698
quasar_response,20.41564766269731
quasar_response,0.8232079504616746
quasar_response,10.050708228328782
quasar_response,2.8283313493047135
quasar_response,1.1646305370478782
quasar_response,31.98336482208554
quasar_response,0.17492031133131908
quasar_response,1.6406618392995702
quasar_response,4.150537418587251
quasar_response,4.643832763351302
quasar_response,0.9156227579659683
quasar_response,2.1388902412904827
quasar_response,1.1258629013992185
quasar_response,0.006582639018565803
quasar_response,0.747218354883437
quasar_response,5.580607479872421
quasar_response,0.6659874133395942
quasar_response,7.928257995236441
quasar_response,14.37260957475385
quasar_response,1.6123612726362628
quasar_response,60.92651763535753
quasar_response,22.282240833685613
quasar_response,3.1810938556107704
quasar_response,1.6909503064640885
quasar_response,1.5568204037884223
quasar_response,0.011224449126248204
quasar_response,11.449594342704417
quasar_response,0.004203590436036908
quasar_response,4.224020906272021
quasar_response,1.5787538154848875
quasar_response,1.171774039905312
quasar_response,2.0487724826371645
quasar_response,0.42485169689632285
quasar_response,0.24199590121415093
quasar_response,4.060600291315019
quasar_response,1.2868019082634858
quasar_response,1.9299820149774867
quasar_response,0.024584366098834964
quasar_response,0.15497327709651865
quasar_response,1.6651251756782872
quasar_response,1.1241520383576016
quasar_response,8.902725212452344
quasar_response,1.10285682676152
quasar_response,24.160366889016576
quasar_response,0.13505982178294051
quasar_response,1.0521552393625146
quasar_response,1.1936861083852133
quasar_response,0.9462418668127142
quasar_response,0.03965961945141139
quasar_response,10.060413041474307
quasar_response,0.16266657372607685
quasar_response,3.009533210866941
quasar_response,11.675662284670786
quasar_response,1.7085031077680837
quasar_response,0.14925602053641798
quasar_response,2.260306819969661
quasar_response,16.081509904375313
quasar_response,4.373742772274753
quasar_response,1.968360181302625
quasar_response,0.0014959106493198093
quasar_response,2.040770240993007
quasar_response,1.0015763634586898
quasar_response,0.7342302826847797
quasar_response,1.2563439437447022
quasar_response,1.0825085808748742
quasar_response,0.5195919208920436
quasar_response,0.8851579956267298
quasar_response,1.4289515580783458
quasar_response,3.9320788513368585
quasar_response,0.16246066375145632
quasar_response,0.2881325399856953
quasar_response,0.06766333834532798
quasar_response,5.637752079238977
quasar_response,0.5960352610048055
quasar_response,2.897952675249682
quasar_response,47.08108891134975
quasar_response,8.956323896486472
quasar_response,2.266312470976235
quasar_response,0.23051347551582477
quasar_response,0.2141981115168463
quasar_response,0.0028655163260999927
quasar_response,2.187759827039721
quasar_response,1.1622222312767605
quasar_response,0.29824421003750556
quasar_response,4.740104016510898
quasar_response,0.192320233072369
quasar_response,1.2929297589095168
quasar_response,1.517952348581776
quasar_response,2.6052595484614307
quasar_response,0.1867942959521255
quasar_response,0.030280836570638157
quasar_response,0.18903754846868415
quasar_response,0.09232997965102649
quasar_response,0.010351280970282099
quasar_response,1.801322213684716
quasar_response,0.15622803523402595
quasar_response,0.8514177544530167
quasar_response,2.9490892872901497
quasar_response,26.761054487183063
quasar_response,21.703136107544523
quasar_response,2.984597767694297
quasar_response,0.02349206888512153
quasar_response,4.021091664885
quasar_response,2.569744169153631
quasar_response,0.1895655501184179
quasar_response,1.522111351124606
quasar_response,0.9885611469328849
quasar_response,0.44674485238870293
quasar_response,9.29607248467265
quasar_response,0.17444153577483223
quasar_response,1.6773459335027152
quasar_response,5.5255335386999995
quasar_response,1.943297888789878
quasar_response,0.16339163230487302
quasar_response,0.5564206385979379
quasar_response,0.0008491416797346274
quasar_response,0.3491305823018718
quasar_response,0.7943543210384877
quasar_response,0.7635664615945852
quasar_response,2.9200176182235777
quasar_response,2.144635153803364
quasar_response,0.02108645538045716
quasar_response,2.836820767317496
quasar_response,2.3051572877519693
quasar_response,5.664649246260492
quasar_response,2.9454630149905334
quasar_response,4.4116318048212415
quasar_response,0.08782422323375672
quasar_response,2.910086282073621
quasar_response,0.3728284659886356
quasar_response,0.0
quasar_response,1.2174301936132759
quasar_response,0.43567313361251514
quasar_response,2.1471042251794685
quasar_response,0.5306186290506876
quasar_response,2.127833713733219
quasar_response,60.365086758479094
quasar_response,3.8789898134799072
quasar_response,0.06814475898220607
quasar_response,1.2101069882087578
quasar_response,47.924147449609364
quasar_response,10.653242413795196
quasar_response,0.29186677862876115
quasar_response,12.15919762407254
quasar_response,0.29624351928983034
quasar_response,17.047387551460677
quasar_response,0.09081175986407297
quasar_response,3.3250310658638567
quasar_response,3.3153330272721324
quasar_response,0.48523310472061576
quasar_response,0.07282124457500228
quasar_response,0.9673927133766398
quasar_response,0.09111925730738957
quasar_response,0.08406815874455309
quasar_response,0.4839284112990044
quasar_response,5.2885637388024085
quasar_response,0.8299112769025365
quasar_response,0.9335580400745511
quasar_response,0.6898406588134656
quasar_response,11.63473602379975
quasar_response,1.0870488815666677
quasar_response,10.631651001741222
quasar_response,2.048150889559607
quasar_response,0.6035286673270969
quasar_response,3.698445265115966
quasar_response,0.1326031661254202
quasar_response,0.6752570418488535
quasar_response,5.790589468615735
quasar_response,1.4495163212933388
quasar_response,40.27036102184324
quasar_response,5.652135915414164
quasar_response,0.1421161968889923
quasar_response,2.6906690626904197
quasar_response,11.828458567544086
quasar_response,1.7437340881937453
quasar_response,1.0285021209009653
quasar_response,3.283118288727586
quasar_response,10.18993816581594
quasar_response,0.6453507909008345
quasar_response,0.08121586531359659
quasar_response,4.155424979819864
quasar_response,3.417546109889212
quasar_response,2.1846412281373855
quasar_response,8.233212391852017
quasar_response,0.010114794166602048
quasar_response,0.34326957921554885
quasar_response,6.42263383872869
quasar_response,0.647653107825088
quasar_response,3.58264097689627
quasar_response,1.388639536018985
quasar_response,6.680966653297872
quasar_response,0.49920361545837744
quasar_response,1.393414042575191
quasar_response,4.3315550219750465
quasar_response,1.0807642487918574
quasar_response,1.1114993141710123
quasar_response,0.5078224403444809
quasar_response,0.030508561082613572
quasar_response,29.60040772199477
quasar_response,2.9598567841044985
quasar_response,0.18131874963156314
quasar_response,0.11081756400999376
quasar_response,8.70634347522456
quasar_response,0.11656834575436581
quasar_response,1.6497199615910834
quasar_response,0.05139993201544524
quasar_response,4.970757735095163
quasar_response,4.983176254223468
quasar_response,2.1200213897482993
quasar_response,2.1331660438116153
quasar_response,1.4765632731554819
quasar_response,0.038111286316696164
quasar_response,2.161053695987853
quasar_response,0.21291045614362658
quasar_response,0.814139871560835
quasar_response,2.0370286077809983
quasar_response,3.2777095139743206
quasar_response,2.838411300389183
quasar_response,0.3699194477228334
quasar_response,0.9871586214500133
quasar_response,2.8548106085980507
quasar_response,0.24829139892643276
quasar_response,1.3566394457881243
quasar_response,18.910283711991802
quasar_response,0.6037053172822642
quasar_response,4.11262417744673
quasar_response,0.9242644813218726
quasar_response,6.618112915252952
quasar_response,0.0314421675912086
quasar_response,12.19864936704154
quasar_response,10.306314312756163
quasar_response,4.363255315311367
quasar_response,0.43112969503904963
quasar_response,3.0454063860964666
quasar_response,0.8854270867075449
quasar_response,0.0
quasar_response,0.0
quasar_response,0.3624171208212915
quasar_response,1.9491486753700906
quasar_response,0.4755079130737908
quasar_response,1.7938439300356601
quasar_response,0.6533934623550035
quasar_response,1.7396359932404277
quasar_response,0.2750767055038512
quasar_response,0.6618451464839332
quasar_response,0.3266790609769643
quasar_response,4.9788340449379085
quasar_response,0.3570603219126457
quasar_response,4.69613022604063
quasar_response,2.164165649817807
quasar_response,15.264140611497034
quasar_response,0.1645434718321545
quasar_response,2.2699973214176934
quasar_response,4.302099400899889
quasar_response,0.7304548386937595
quasar_response,2.0758574048235117
quasar_response,0.013642637841764896
quasar_response,0.28189317773148576
quasar_response,0.0001884955006101821
quasar_response,0.8609255515282535
quasar_response,1.7948625823906657
quasar_response,10.905842026684248
quasar_response,27.420379182671265
quasar_response,0.3300306699164771
quasar_response,0.9789882839378161
quasar_response,10.707736359739304
quasar_response,0.0023539747750416125
quasar_response,0.42924535910747996
quasar_response,3.3739829987002707
quasar_response,0.004024102053437079
quasar_response,1.3480015944480996
quasar_response,2.515868516939367
quasar_response,1.1065670493565756
quasar_response,0.6479808906783049
quasar_response,15.309474026497508
quasar_response,0.3070904292488529
quasar_response,3.436637745389387
quasar_response,3.651714572933314
quasar_response,0.26736166647424076
quasar_response,4.93096956101387
quasar_response,0.030670797909350123
quasar_response,0.0
quasar_response,8.971335587891923
quasar_response,2.4493679997268814
quasar_response,0.01866084631015652
quasar_response,0.13472929489277027
quasar_response,0.6361320241502204
quasar_response,0.9551717516174306
quasar_response,0.15171447617496545
quasar_response,5.242415298711833e-05
quasar_response,1.2127974474666259
quasar_response,0.09460379017604614
quasar_response,14.403810312766012
quasar_response,0.0017578564197760632
quasar_response,1.0363653550689202
quasar_response,0.7434046174987706
quasar_response,0.4193829070195622
quasar_response,17.047387551460677
quasar_response,0.0
quasar_response,0.8769320219971698
quasar_response,0.038963011806160616
quasar_response,0.042336718729030366
quasar_response,7.292479363459481
quasar_response,0.07700044517767957
quasar_response,2.9620334645637154
quasar_response,0.0
quasar_response,2.20931933039146
quasar_response,26.92664960376869
quasar_response,4.063234032678009
quasar_response,1.3270943514423066
quasar_response,0.4771151292389959
quasar_response,9.854531047781874
quasar_response,0.0
quasar_response,6.961853920528661
quasar_response,0.122785663029929
quasar_response,0.7269151456746175
quasar_response,0.939808196274786
quasar_response,27.936130937382142
quasar_response,0.5402578745499995
quasar_response,4.157723082259836
quasar_response,19.363024131882604
quasar_response,9.128991382373528
quasar_response,0.06123006369586537
quasar_response,3.477093237614818
quasar_response,0.10211054680186493
quasar_response,0.8784872981585254
quasar_response,2.1037984332367716
quasar_response,2.4473170122465913
quasar_response,0.0856803736767329
quasar_response,4.51425795916538
quasar_response,2.1509054894396047
quasar_response,39.06601637667198
quasar_response,13.79003828188657
quasar_response,0.6053642870980355
quasar_response,8.029729413522814
quasar_response,2.71621569005361
quasar_response,0.0
quasar_response,0.4730468996837196
quasar_response,0.05830119603399594
quasar_response,0.1267009863910947
quasar_response,3.4761257350999535
quasar_response,4.530381946127764
quasar_response,0.022783163455747157
quasar_response,4.100936131230984
quasar_response,0.6034964668703454
quasar_response,0.5431097918826568
quasar_response,0.33375962297394857
quasar_response,4.277694242938029
quasar_response,0.06594411562827673
quasar_response,8.484101122123217
quasar_response,18.876147817858527
quasar_response,0.038188769954859536
quasar_response,3.6794922020166005
quasar_response,0.39193721414234156
quasar_response,0.9270719200204501
quasar_response,0.23259121611064443
quasar_response,0.4228330579255024
quasar_response,4.456606813761662
quasar_response,0.25226744703510073
quasar_response,0.29186677862876115
quasar_response,0.0018560003607408504
quasar_response,1.5878698873963595
quasar_response,0.03406488664273126
quasar_response,0.04254241708610787
quasar_response,1.0380848550350776
quasar_response,1.1758126308654617
quasar_response,10.029324417192255
quasar_response,0.6759785788334616
quasar_response,0.7304488947390533
quasar_response,0.41626244266574336
quasar_response,43.35101040278989
quasar_response,0.25928631190194407
quasar_response,1.0620994087425524
quasar_response,15.380068945181616
quasar_response,0.5076188919147597
quasar_response,9.0116939106487
quasar_response,0.9587009695401805
quasar_response,7.727144894030946
quasar_response,8.139798805760812
quasar_response,8.007436506621396
quasar_response,13.43291293877157
quasar_response,0.380515631221491
quasar_response,0.39845925093100076
quasar_response,6.86353176220079
quasar_response,2.6393223721576513
quasar_response,3.5025359855946827
quasar_response,2.4395471713945582
quasar_response,1.9369973036146018
quasar_response,0.01458509167990537
quasar_response,2.531447693926655
quasar_response,0.48364172424562213
quasar_response,1.7334442823605167
quasar_response,0.004792272248268999
quasar_response,9.335122235262991
quasar_response,2.084002388787652
quasar_response,5.286638735079885
quasar_response,2.0971502063440717
quasar_response,0.12604529758881033
quasar_response,0.0007458954937726858
quasar_response,0.09782599032881623
quasar_response,0.3944171785748729
quasar_response,0.6681037392303217
quasar_response,11.325078699838231
quasar_response,0.7089414987863254
quasar_response,0.011689921321113458
quasar_response,3.4770096993682733
quasar_response,2.343831535530496
quasar_response,3.1479126481671047
quasar_response,0.0018159890754443093
quasar_response,2.925227627161645
quasar_response,1.4947741493965365
quasar_response,0.5288097509773013
quasar_response,8.698428136545818
quasar_response,0.5964237342979859
quasar_response,0.0
quasar_response,1.2294110250007195
quasar_response,0.5991206180780799
quasar_response,0.8410367676485037
quasar_response,1.0188585419338505
quasar_response,0.03848698158607067
quasar_response,3.1224461894434876
quasar_response,1.5453145349065234
quasar_response,0.11359934474213806
quasar_response,3.9720252063878307
quasar_response,1.3331747943503256
quasar_response,0.829475441957396
quasar_response,0.013810059539916111
quasar_response,1.1376399592365447
quasar_response,0.0
quasar_response,2.0226421585966454
quasar_response,1.1879374751048362
quasar_response,4.3399957489909085
quasar_response,0.3878360799662114
quasar_response,0.9802971841249001
quasar_response,8.501286093956555
quasar_response,0.12703971140982728
quasar_response,2.446014089512061
quasar_response,12.29912232590158
quasar_response,0.004170368578066075
quasar_response,0.116933858065256
quasar_response,0.452546101623098
quasar_response,22.99860624073562
quasar_response,0.025435137075292963
quasar_response,11.562271181885777
quasar_response,0.8232173506016984
quasar_response,1.367879120604285
quasar_response,0.5590564642172282
quasar_response,3.176308109030778
quasar_response,0.26029986516654835
quasar_response,1.5065710380933013
quasar_response,109.67203004676671
quasar_response,6.974759423462299
quasar_response,2.2398802624572856
quasar_response,1.3297935858047947
quasar_response,12.687920544699955
quasar_response,2.823265557078671
quasar_response,0.22466032267026093
quasar_response,2.357881223785615
quasar_response,0.12017957238245397
quasar_response,0.7513570516002149
quasar_response,1.040252474600344
quasar_response,31.67364309323459
quasar_response,1.533426070786333
quasar_response,0.35175189747549185
quasar_response,0.36473462955275604
quasar_response,2.0560189595887923
quasar_response,0.05547469134093976
quasar_response,0.5816782503492564
quasar_response,0.3396760964536014
quasar_response,0.04711819899531322
quasar_response,1.2611741151759708
quasar_response,0.9377128193321234
quasar_response,0.301263660097707
quasar_response,0.0033308914667767864
quasar_response,1.4621978792710748
quasar_response,8.405036119014134
quasar_response,0.8745145277113164
quasar_response,3.5349180107318694
quasar_response,0.09700020301755252
quasar_response,1.6858053892585296
quasar_response,0.5335944184044292
quasar_response,2.7833999521218855
quasar_response,0.2748562021078783
quasar_response,0.4702256409688501
quasar_response,0.19642098715276599
quasar_response,0.05769581990728867
quasar_response,0.26502313311006687
quasar_response,12.487181840967816
quasar_response,1.3772045083934152
quasar_response,0.014188225985946436
quasar_response,0.4595100293156864
quasar_response,0.03661048032617931
quasar_response,3.0301557281161142
quasar_response,0.6135223330534811
quasar_response,1.5095300421547926
quasar_response,2.695120490580088
quasar_response,0.3585150198522501
quasar_response,5.787916429914322
quasar_response,0.0004914289338097608
quasar_response,1.9652436457075022
quasar_response,1.5042525242764668
quasar_response,6.880148008847776
quasar_response,0.7645796473039972
quasar_response,2.710615691138713
quasar_response,0.8675042113531065
quasar_response,0.11107537571509951
quasar_response,28.35415011632918
quasar_response,4.572624203195373
quasar_response,0.42496175453111823
quasar_response,0.1529632774029481
quasar_response,5.0440287750016415
quasar_response,2.8851521124944925
quasar_response,1.1410505735977832
quasar_response,0.0
quasar_response,1.0711534171540187
quasar_response,0.13828405589768558
quasar_response,0.11849863830447438
quasar_response,0.022154767460751193
quasar_response,5.827238659233573
quasar_response,39.34951746202009
quasar_response,11.082737857414847
quasar_response,0.5652042978655754
quasar_response,1.401691042724563
quasar_response,0.3887060972897096
quasar_response,2.3658537041325745
quasar_response,1.1823016401195652
quasar_response,2.5312750652075473
quasar_response,0.8509866346487412
quasar_response,0.08626116277592666
quasar_response,6.923468740880985
quasar_response,0.01708923071330285
quasar_response,0.6119452579814587
quasar_response,0.9124595120641983
quasar_response,2.192259918887567
quasar_response,4.38601865252864
quasar_response,4.389892729893449
quasar_response,1.4323940457554023
quasar_response,0.19777424737963886
quasar_response,13.336291880526487
quasar_response,3.867597267333836
quasar_response,21.59789586098121
quasar_response,0.4573566062953667
quasar_response,28.144636273493006
quasar_response,0.0
quasar_response,1.2280812696792127
quasar_response,6.885736417298571
quasar_response,1.1286439593341901
quasar_response,0.620093919903102
quasar_response,0.866069867341893
quasar_response,0.724823810544936
quasar_response,31.14955767951495
quasar_response,0.0075694606287921296
quasar_response,0.8436314830564862
sft_response,14.04195169568739
sft_response,2.566578256770186
sft_response,2.7754048581954596
sft_response,0.3560194555153602
sft_response,0.790033188222603
sft_response,0.8899020285835775
sft_response,0.1168491298117833
sft_response,0.04439177477841394
sft_response,0.008013169863546832
sft_response,0.5068146401322242
sft_response,1.386690680196247
sft_response,1.8448120552067788
sft_response,8.79076997113966
sft_response,0.12260198842082426
sft_response,2.683572010262987
sft_response,0.09790269458973411
sft_response,1.1254566997890247
sft_response,0.4627114407156705
sft_response,16.17444480674152
sft_response,12.209260096407053
sft_response,44.20577852597942
sft_response,0.09892222933944081
sft_response,0.08172315902763572
sft_response,20.41564766269731
sft_response,0.8232079504616746
sft_response,6.120591065308267
sft_response,1.7550664387490627
sft_response,1.0751515618416838
sft_response,31.98336482208554
sft_response,0.08463137300266804
sft_response,1.6406618392995702
sft_response,4.150537418587251
sft_response,4.643832763351302
sft_response,0.6627271708062888
sft_response,2.1388902412904827
sft_response,1.1187515128967682
sft_response,0.006582639018565803
sft_response,1.0259459535331152
sft_response,5.580607479872421
sft_response,3.788517099276392
sft_response,7.928257995236441
sft_response,14.37260957475385
sft_response,1.6123612726362628
sft_response,40.08091224012691
sft_response,21.94991673633929
sft_response,0.8481641996191458
sft_response,1.6909503064640885
sft_response,1.5568204037884223
sft_response,2.0668395375063597
sft_response,11.44874291599229
sft_response,0.6348971574160602
sft_response,4.224020906272021
sft_response,1.5787538154848875
sft_response,1.171774039905312
sft_response,2.0485782381438633
sft_response,0.4145636899027293
sft_response,0.24199590121415093
sft_response,3.973421611745799
sft_response,1.2820219857461224
sft_response,1.9299820149774867
sft_response,0.024692563672552126
sft_response,7.064595851077254
sft_response,1.6651251756782872
sft_response,1.2724678320268157
sft_response,8.902725212452344
sft_response,1.10285682676152
sft_response,24.160366889016576
sft_response,0.13505982178294051
sft_response,1.0521552393625146
sft_response,1.236256402131107
sft_response,0.9462418668127142
sft_response,0.03965961945141139
sft_response,10.046121464162285
sft_response,5.489031856683636
sft_response,3.013464020256232
sft_response,11.675662284670786
sft_response,1.7085031077680837
sft_response,0.14925602053641798
sft_response,2.260306819969661
sft_response,4.373742772274753
sft_response,1.968360181302625
sft_response,1.445923249432233
sft_response,2.040770240993007
sft_response,0.9300993147532515
sft_response,3.4769794830797407
sft_response,1.2563439437447022
sft_response,1.0825085808748742
sft_response,0.5195922008916836
sft_response,1.4289515580783458
sft_response,3.99267937357794
sft_response,0.16246066375145632
sft_response,0.2881325399856953
sft_response,0.06766333834532798
sft_response,5.636490604988214
sft_response,0.6153455569499375
sft_response,0.0
sft_response,47.08108891134975
sft_response,9.997369732779143
sft_response,1.4244603460527117
sft_response,0.23051347551582477
sft_response,0.21861196721327447
sft_response,0.0015385091839732468
sft_response,2.187759827039721
sft_response,1.1622222312767605
sft_response,4.740104016510898
sft_response,0.6260286577032388
sft_response,1.2929297589095168
sft_response,1.517952348581776
sft_response,2.657591865888525
sft_response,0.4835909941189927
sft_response,0.030280836570638157
sft_response,0.07519580142619686
sft_response,2.8520160154595664
sft_response,0.010351280970282099
sft_response,1.8020067988814406
sft_response,1.5334692297909207
sft_response,0.8514177544530167
sft_response,2.9490892872901497
sft_response,26.761054487183063
sft_response,21.634877850176483
sft_response,2.984597767694297
sft_response,0.02349206888512153
sft_response,4.020786534946284
sft_response,2.569744169153631
sft_response,0.1895655501184179
sft_response,1.522111351124606
sft_response,0.9885611469328849
sft_response,0.11843121681512736
sft_response,9.29607248467265
sft_response,0.17444153577483223
sft_response,1.6773459335027152
sft_response,5.5255335386999995
sft_response,0.059104225202882166
sft_response,0.16339163230487302
sft_response,1.6879268848307347
sft_response,0.0008491416797346274
sft_response,0.3516682950960633
sft_response,0.7943543210384877
sft_response,0.7635664615945852
sft_response,2.9200176182235777
sft_response,2.680305037759652
sft_response,1.0799155226171044
sft_response,2.836820767317496
sft_response,2.3051572877519693
sft_response,5.664649246260492
sft_response,2.9454630149905334
sft_response,4.4116318048212415
sft_response,1.1927001368065973
sft_response,2.910086282073621
sft_response,0.060761720670378994
sft_response,0.0
sft_response,0.2776866573801322
sft_response,2.1470989633234474
sft_response,0.5328062927883401
sft_response,1.864457748281556
sft_response,63.40063293836403
sft_response,0.0
sft_response,0.7879495332628017
sft_response,0.8697962075177444
sft_response,47.924147449609364
sft_response,10.653242413795196
sft_response,0.0
sft_response,12.17054161959068
sft_response,0.28826547590487966
sft_response,17.00868964213147
sft_response,0.018372321358255395
sft_response,3.3250310658638567
sft_response,5.39805244488409
sft_response,0.48523310472061576
sft_response,0.07282124457500228
sft_response,0.9673927133766398
sft_response,0.09111925730738868
sft_response,1.3786504960070045
sft_response,0.4839284112990044
sft_response,0.2635060598346177
sft_response,0.8299112769025365
sft_response,0.9335580400745511
sft_response,5.490187914097712
sft_response,0.0
sft_response,10.631651001741222
sft_response,2.048150889559607
sft_response,0.3693292705795609
sft_response,3.698445265115966
sft_response,2.051402068008504
sft_response,0.6752570418488535
sft_response,5.7776686789237575
sft_response,1.4495163212933388
sft_response,27.464303885732434
sft_response,1.3796038012270824
sft_response,0.5557712745498339
sft_response,2.6906722886816263
sft_response,11.828458567544086
sft_response,1.7437340881937453
sft_response,1.0285021209009653
sft_response,3.3405502985541915
sft_response,10.18993816581594
sft_response,0.6453507909008345
sft_response,0.13566851693011378
sft_response,0.8392425384918207
sft_response,3.392531292331711
sft_response,2.1846412281373855
sft_response,8.233212391852017
sft_response,3.611239999032437
sft_response,0.34326957921554885
sft_response,6.42263383872869
sft_response,0.647653107825088
sft_response,3.58264097689627
sft_response,1.415409935900945
sft_response,6.680966653297872
sft_response,4.499815108675671
sft_response,5.365439248963021
sft_response,0.0
sft_response,1.0807642487918574
sft_response,1.111499217039884
sft_response,0.5078224403444809
sft_response,0.10282219926379424
sft_response,29.60040772199477
sft_response,0.031393305577769315
sft_response,0.18131874963156314
sft_response,0.11081756400999376
sft_response,8.70634347522456
sft_response,2.3084348583681216
sft_response,0.05139993201544524
sft_response,4.0135480616122265
sft_response,4.983176254223468
sft_response,2.1202798439128
sft_response,1.9165618121852614
sft_response,0.9807856248518463
sft_response,0.9986386162029522
sft_response,4.364978646529778
sft_response,0.2129104561436268
sft_response,0.814139871560835
sft_response,2.0378497647167944
sft_response,3.2777095139743206
sft_response,2.838411300389183
sft_response,0.3699194477228334
sft_response,5.88648616598623
sft_response,0.0
sft_response,0.0
sft_response,1.3566394457881243
sft_response,18.910283711991802
sft_response,0.5854685522906482
sft_response,4.11262417744673
sft_response,0.9242644813218726
sft_response,7.00054409050859
sft_response,0.23593517893998284
sft_response,11.847394513047284
sft_response,10.306314312756163
sft_response,6.258054520972378
sft_response,0.0
sft_response,0.0
sft_response,0.8830056207754287
sft_response,0.0
sft_response,0.0
sft_response,1.9700436949739606
sft_response,5.038074225099272
sft_response,1.7938439300356601
sft_response,0.6533934623550026
sft_response,0.2750767055038512
sft_response,0.6578312349737587
sft_response,0.3266790609769643
sft_response,4.9788340449379085
sft_response,0.3571033754686601
sft_response,5.680299239801535
sft_response,2.164165649817807
sft_response,15.264140611497034
sft_response,0.1645434718321545
sft_response,2.291399592443064
sft_response,4.302099400899889
sft_response,0.7315848511319436
sft_response,2.0758574048235117
sft_response,0.013642637841764896
sft_response,0.28189317773148576
sft_response,1.7284693275277576
sft_response,0.8616158773950184
sft_response,1.7948625823906657
sft_response,10.905842026684248
sft_response,27.420379182671265
sft_response,0.3300306699164771
sft_response,1.2190245703965832
sft_response,10.707736359739304
sft_response,0.0023539747750416125
sft_response,0.42924535910747996
sft_response,0.028683388808403265
sft_response,0.004024102053437079
sft_response,0.0
sft_response,2.5166378006504218
sft_response,1.1755443583370768
sft_response,0.0
sft_response,15.131647167547277
sft_response,0.3070904292488529
sft_response,4.524257078675866
sft_response,3.651714572933314
sft_response,0.26736166647424076
sft_response,4.93096956101387
sft_response,0.1771419125050906
sft_response,1.2417871437705212
sft_response,0.054526775727158694
sft_response,2.4493679997268814
sft_response,0.01866084631015652
sft_response,0.0
sft_response,0.6361320241502204
sft_response,4.927196958005261
sft_response,0.15171447617496545
sft_response,5.242415298711833e-05
sft_response,1.217595956129555
sft_response,0.4870854498827084
sft_response,14.403810312766012
sft_response,0.0017578564197760632
sft_response,1.0363653550689202
sft_response,0.7434046174987706
sft_response,0.6970340486388701
sft_response,17.035510495786706
sft_response,0.0
sft_response,0.8769320219971698
sft_response,0.5512699300300703
sft_response,0.042336718729030366
sft_response,7.292479363459481
sft_response,3.1646773271272335
sft_response,2.5426031518255083
sft_response,0.0
sft_response,2.20931933039146
sft_response,26.92664960376869
sft_response,4.063234032678009
sft_response,1.3270001646108829
sft_response,0.4755535222883287
sft_response,9.840245416661137
sft_response,0.0
sft_response,16.570677432290488
sft_response,0.5305430229784146
sft_response,0.7269151456746175
sft_response,0.9517161300437419
sft_response,27.936130937382142
sft_response,0.86939834962251
sft_response,4.157703736021352
sft_response,19.363040196290896
sft_response,9.128991382373528
sft_response,0.5892640629307163
sft_response,3.477093237614818
sft_response,0.10868961040995484
sft_response,0.877058203447515
sft_response,2.1037984332367716
sft_response,2.4473170122465913
sft_response,0.0856803736767329
sft_response,5.972562859555934
sft_response,2.1509054894396047
sft_response,39.06601637667198
sft_response,13.79003828188657
sft_response,0.5484617928162442
sft_response,1.8095691028478837
sft_response,2.71621569005361
sft_response,0.0
sft_response,0.5027027798816412
sft_response,0.05830119603399594
sft_response,0.1262820904217854
sft_response,0.0
sft_response,4.530381946127764
sft_response,0.0187969402146404
sft_response,4.100936131230984
sft_response,1.0051371510915104
sft_response,0.5431097918826568
sft_response,0.19889201480572938
sft_response,4.277694242938029
sft_response,0.06594411562827673
sft_response,8.484101122123217
sft_response,10.704105784149661
sft_response,0.03542922048266828
sft_response,3.6794922020166005
sft_response,0.3350347198605503
sft_response,0.8010266224316398
sft_response,0.23259121611064443
sft_response,0.30659509081833003
sft_response,4.456606813761662
sft_response,0.25226744703510073
sft_response,0.0
sft_response,8.914952811804024
sft_response,1.0968917760354389
sft_response,0.03406488664273126
sft_response,1.886311634403373
sft_response,1.0380848550350776
sft_response,0.3054822129597383
sft_response,10.029324417192255
sft_response,0.6759785788334616
sft_response,0.7304488947390533
sft_response,0.41626244266574336
sft_response,11.945092926041823
sft_response,0.25919031911521595
sft_response,1.0620994087425524
sft_response,15.675570871295093
sft_response,0.27263859118941625
sft_response,9.0116939106487
sft_response,0.9587009695401805
sft_response,7.727144894030946
sft_response,8.956482234665726
sft_response,8.007436506621396
sft_response,13.43291293877157
sft_response,0.380515631221491
sft_response,0.39845925093100076
sft_response,6.922648226143938
sft_response,2.6393223721576513
sft_response,0.0
sft_response,2.350150160009523
sft_response,0.6898938373674159
sft_response,0.01458509167990537
sft_response,2.531447693926655
sft_response,0.48364172424562213
sft_response,1.7334442823605167
sft_response,0.004792674353101097
sft_response,9.335122235262991
sft_response,2.084002388787652
sft_response,5.286638735079885
sft_response,2.1224997970005415
sft_response,0.0
sft_response,0.0007458954937726858
sft_response,0.09782599032881623
sft_response,10.027648459234209
sft_response,0.6632700873427719
sft_response,1.0283785515781592
sft_response,0.011689921321113458
sft_response,3.496594048026678
sft_response,2.9998864730520873
sft_response,3.1479126481671047
sft_response,0.0018159890754443093
sft_response,2.925227627161645
sft_response,1.494774147226991
sft_response,0.5288097509773013
sft_response,2.478267825870888
sft_response,0.5964237342979859
sft_response,0.0
sft_response,1.2294145403575547
sft_response,0.5990336034565096
sft_response,0.8634343544012967
sft_response,2.974830940908055
sft_response,0.76778718079671
sft_response,4.062960100545021
sft_response,0.008020375084041298
sft_response,0.11359934474213806
sft_response,0.0
sft_response,1.3331747943503256
sft_response,0.8334547961434624
sft_response,0.5293725905366304
sft_response,1.1376399592365447
sft_response,0.0
sft_response,0.7023322490694199
sft_response,0.2216062014161191
sft_response,4.339995751432998
sft_response,0.41739545493007857
sft_response,0.4845195358212646
sft_response,8.281534504422048
sft_response,0.1361341666689021
sft_response,1.5492651989016233
sft_response,12.310827868973604
sft_response,0.004170368578066075
sft_response,4.6836621343391425
sft_response,0.452546101623098
sft_response,22.99860624073562
sft_response,0.22337827047029907
sft_response,11.562271181885777
sft_response,0.8232173506016984
sft_response,1.3467217620007028
sft_response,0.5590564642172282
sft_response,0.0
sft_response,0.3432090573553286
sft_response,1.5065710380933013
sft_response,64.55602216125786
sft_response,9.58633693432012
sft_response,1.5115026999444794
sft_response,1.3297935858047947
sft_response,12.687920544699955
sft_response,2.823265557078671
sft_response,0.2240298036156282
sft_response,2.3579459849378175
sft_response,0.1678723367301313
sft_response,0.7513570516002149
sft_response,2.9962248735745485
sft_response,29.785175361784127
sft_response,0.813194143777977
sft_response,0.25283397608746633
sft_response,1.637667484440004
sft_response,2.0564428243935304
sft_response,1.830593151702845
sft_response,0.5816782503492564
sft_response,0.33967609645359786
sft_response,5.693601302377241
sft_response,0.0
sft_response,0.9377128193321234
sft_response,0.0
sft_response,2.15381974951419
sft_response,1.4621978792710748
sft_response,8.405057943909082
sft_response,0.8599745715739612
sft_response,3.5346237738360715
sft_response,0.049353651188225545
sft_response,1.6858053892585296
sft_response,0.5335944184044292
sft_response,2.783715702287601
sft_response,0.2748562021078783
sft_response,0.4702256409688501
sft_response,0.19642098715276599
sft_response,1.3940704716520163
sft_response,0.26502313311006687
sft_response,12.487181840967816
sft_response,1.3772392688951274
sft_response,0.4767282064460093
sft_response,0.6700536060476279
sft_response,0.03661048032617931
sft_response,3.3832317225011317
sft_response,0.6135223330534811
sft_response,1.5095300421547926
sft_response,2.701788608191026
sft_response,0.44671651504403986
sft_response,5.787916392339721
sft_response,0.0004914289338097608
sft_response,1.3930890772436837
sft_response,0.0
sft_response,6.880148008847776
sft_response,0.7645796473039972
sft_response,2.8514255556083477
sft_response,0.8675042113531065
sft_response,0.11102478890240963
sft_response,23.163817089127612
sft_response,4.572624203195373
sft_response,0.42496175453111823
sft_response,0.09919796892434388
sft_response,5.0440287750016415
sft_response,0.0
sft_response,1.4664945644659715
sft_response,0.0
sft_response,1.0711534171540187
sft_response,0.13828405589768558
sft_response,0.11849863830447438
sft_response,0.020510886971985984
sft_response,5.831333947300978
sft_response,34.15918443481852
sft_response,9.241693203780276
sft_response,0.5652042978655754
sft_response,1.401930792158307
sft_response,1.363996787750736
sft_response,2.3658537041325745
sft_response,1.1823016401195652
sft_response,2.5312750652075473
sft_response,0.08626116277592666
sft_response,11.076535305530328
sft_response,0.4329042053132132
sft_response,0.6119452579814587
sft_response,0.9124595120641983
sft_response,2.192259918887567
sft_response,4.38601865252864
sft_response,4.389892729893449
sft_response,1.354298325135317
sft_response,0.00016888601536724224
sft_response,13.336291880526487
sft_response,21.45334719853557
sft_response,0.4573566062953667
sft_response,54.97402451733525
sft_response,0.0
sft_response,1.2280812696792127
sft_response,0.05304633803818426
sft_response,6.885736417298571
sft_response,1.1286439593341901
sft_response,0.620093919903102
sft_response,0.5984542441565273
sft_response,0.724823810544936
sft_response,16.60214181706744
sft_response,0.7941744340931851
