iteration,sample_index,status,num_qubits,shots,E_qpu,syntax_validity,js_alignment,ev_score,opt_progress,final_reward
1,0,skipped_too_many_qubits,16,0,,1.000000,0.000000,0.000000,0.000000,0.150000
2,1,skipped_too_many_qubits,10,0,,1.000000,0.000000,0.000000,0.000000,0.150000
3,2,skipped_too_many_qubits,8,0,,1.000000,0.400000,0.000000,0.000000,0.230000
4,3,skipped_too_many_qubits,13,0,,1.000000,0.000000,0.000000,0.000000,0.150000
5,4,skipped_too_many_qubits,8,0,,1.000000,0.400000,0.000000,0.000000,0.230000
6,5,skipped_too_many_qubits,9,0,,1.000000,0.200000,0.000000,0.000000,0.190000
7,6,submitted_ok,3,1000,1.365000,1.000000,1.000000,0.545000,0.475070,0.686768
8,7,skipped_too_many_qubits,11,0,,1.000000,0.000000,0.000000,0.000000,0.150000
9,8,submitted_ok,3,1000,0.082000,1.000000,1.000000,0.972667,0.582970,0.884809
10,9,skipped_too_many_qubits,7,0,,1.000000,0.600000,0.000000,0.000000,0.270000
11,10,skipped_too_many_qubits,6,0,,1.000000,0.800000,0.000000,0.000000,0.310000
12,11,skipped_too_many_qubits,8,0,,1.000000,0.400000,0.000000,0.000000,0.230000
13,12,skipped_too_many_qubits,15,0,,1.000000,0.000000,0.000000,0.000000,0.150000
14,13,skipped_too_many_qubits,10,0,,1.000000,0.000000,0.000000,0.000000,0.150000
15,14,skipped_too_many_qubits,10,0,,1.000000,0.000000,0.000000,0.000000,0.150000
16,15,skipped_too_many_qubits,7,0,,1.000000,0.600000,0.000000,0.000000,0.270000
17,16,skipped_too_many_qubits,9,0,,1.000000,0.200000,0.000000,0.000000,0.190000
18,17,skipped_too_many_qubits,9,0,,1.000000,0.200000,0.000000,0.000000,0.190000
19,18,skipped_too_many_qubits,9,0,,1.000000,0.200000,0.000000,0.000000,0.190000
20,19,skipped_too_many_qubits,11,0,,1.000000,0.000000,0.000000,0.000000,0.150000
21,20,skipped_too_many_qubits,11,0,,1.000000,0.000000,0.000000,0.000000,0.150000
22,21,skipped_too_many_qubits,8,0,,1.000000,0.400000,0.000000,0.000000,0.230000
23,22,skipped_too_many_qubits,9,0,,1.000000,0.200000,0.000000,0.000000,0.190000
24,23,skipped_too_many_qubits,9,0,,1.000000,0.200000,0.000000,0.000000,0.190000
25,24,skipped_too_many_qubits,6,0,,1.000000,0.800000,0.000000,0.000000,0.310000
26,25,skipped_too_many_qubits,9,0,,1.000000,0.200000,0.000000,0.000000,0.190000
27,26,skipped_too_many_qubits,9,0,,1.000000,0.200000,0.000000,0.000000,0.190000
28,27,skipped_too_many_qubits,12,0,,1.000000,0.000000,0.000000,0.000000,0.150000
29,28,skipped_too_many_qubits,10,0,,1.000000,0.000000,0.000000,0.000000,0.150000
30,29,skipped_too_many_qubits,9,0,,1.000000,0.200000,0.000000,0.000000,0.190000
31,30,skipped_too_many_qubits,10,0,,1.000000,0.000000,0.000000,0.000000,0.150000
32,31,skipped_too_many_qubits,9,0,,1.000000,0.200000,0.000000,0.000000,0.190000
33,32,skipped_too_many_qubits,8,0,,1.000000,0.400000,0.000000,0.000000,0.230000
34,33,parse_failed,0,0,,0.000000,0.000000,0.000000,0.000000,0.000000
35,34,skipped_too_many_qubits,8,0,,1.000000,0.400000,0.000000,0.000000,0.230000
36,35,skipped_too_many_qubits,8,0,,1.000000,0.400000,0.000000,0.000000,0.230000
37,36,submitted_ok,4,1000,1.807000,1.000000,1.000000,0.548250,0.549723,0.706731
38,37,skipped_too_many_qubits,11,0,,1.000000,0.000000,0.000000,0.000000,0.150000
39,38,run_failed,5,0,,1.000000,1.000000,0.000000,0.000000,0.350000
40,39,skipped_too_many_qubits,12,0,,1.000000,0.000000,0.000000,0.000000,0.150000
41,40,skipped_too_many_qubits,7,0,,1.000000,0.600000,0.000000,0.000000,0.270000
42,41,skipped_too_many_qubits,8,0,,1.000000,0.400000,0.000000,0.000000,0.230000
43,42,run_failed,5,0,,1.000000,1.000000,0.000000,0.000000,0.350000
44,43,skipped_too_many_qubits,8,0,,1.000000,0.400000,0.000000,0.000000,0.230000
45,44,skipped_too_many_qubits,9,0,,1.000000,0.200000,0.000000,0.000000,0.190000
46,45,skipped_too_many_qubits,12,0,,1.000000,0.000000,0.000000,0.000000,0.150000
47,46,skipped_too_many_qubits,16,0,,1.000000,0.000000,0.000000,0.000000,0.150000
48,47,skipped_too_many_qubits,16,0,,1.000000,0.000000,0.000000,0.000000,0.150000
49,48,submitted_ok,4,1000,0.114000,1.000000,1.000000,0.971500,0.893794,0.962048
50,49,skipped_too_many_qubits,11,0,,1.000000,0.000000,0.000000,0.000000,0.150000
51,50,skipped_too_many_qubits,10,0,,1.000000,0.000000,0.000000,0.000000,0.150000
52,51,parse_failed,0,0,,0.000000,0.000000,0.000000,0.000000,0.000000
53,52,skipped_too_many_qubits,9,0,,1.000000,0.200000,0.000000,0.000000,0.190000
54,53,skipped_too_many_qubits,9,0,,1.000000,0.200000,0.000000,0.000000,0.190000
55,54,skipped_too_many_qubits,9,0,,1.000000,0.200000,0.000000,0.000000,0.190000
56,55,skipped_too_many_qubits,10,0,,1.000000,0.000000,0.000000,0.000000,0.150000
57,56,skipped_too_many_qubits,6,0,,1.000000,0.800000,0.000000,0.000000,0.310000
58,57,skipped_too_many_qubits,9,0,,1.000000,0.200000,0.000000,0.000000,0.190000
59,58,skipped_too_many_qubits,11,0,,1.000000,0.000000,0.000000,0.000000,0.150000
60,59,skipped_too_many_qubits,8,0,,1.000000,0.400000,0.000000,0.000000,0.230000
61,60,skipped_too_many_qubits,8,0,,1.000000,0.400000,0.000000,0.000000,0.230000
62,61,skipped_too_many_qubits,8,0,,1.000000,0.400000,0.000000,0.000000,0.230000
63,62,skipped_too_many_qubits,16,0,,1.000000,0.000000,0.000000,0.000000,0.150000
64,63,skipped_too_many_qubits,11,0,,1.000000,0.000000,0.000000,0.000000,0.150000
65,64,skipped_too_many_qubits,9,0,,1.000000,0.200000,0.000000,0.000000,0.190000
66,65,run_failed,5,0,,1.000000,1.000000,0.000000,0.000000,0.350000
67,66,skipped_too_many_qubits,10,0,,1.000000,0.000000,0.000000,0.000000,0.150000
68,67,skipped_too_many_qubits,6,0,,1.000000,0.800000,0.000000,0.000000,0.310000
69,68,skipped_too_many_qubits,9,0,,1.000000,0.200000,0.000000,0.000000,0.190000
70,69,skipped_too_many_qubits,9,0,,1.000000,0.200000,0.000000,0.000000,0.190000
71,70,skipped_too_many_qubits,6,0,,1.000000,0.800000,0.000000,0.000000,0.310000
72,71,skipped_too_many_qubits,11,0,,1.000000,0.000000,0.000000,0.000000,0.150000
73,72,skipped_too_many_qubits,8,0,,1.000000,0.400000,0.000000,0.000000,0.230000
74,73,skipped_too_many_qubits,9,0,,1.000000,0.200000,0.000000,0.000000,0.190000
75,74,skipped_too_many_qubits,7,0,,1.000000,0.600000,0.000000,0.000000,0.270000
76,75,skipped_too_many_qubits,8,0,,1.000000,0.400000,0.000000,0.000000,0.230000
77,76,skipped_too_many_qubits,8,0,,1.000000,0.400000,0.000000,0.000000,0.230000
78,77,skipped_too_many_qubits,9,0,,1.000000,0.200000,0.000000,0.000000,0.190000
79,78,skipped_too_many_qubits,6,0,,1.000000,0.800000,0.000000,0.000000,0.310000
80,79,skipped_too_many_qubits,8,0,,1.000000,0.400000,0.000000,0.000000,0.230000
81,80,skipped_too_many_qubits,9,0,,1.000000,0.200000,0.000000,0.000000,0.190000
82,81,skipped_too_many_qubits,9,0,,1.000000,0.200000,0.000000,0.000000,0.190000
83,82,skipped_too_many_qubits,7,0,,1.000000,0.600000,0.000000,0.000000,0.270000
84,83,skipped_too_many_qubits,7,0,,1.000000,0.600000,0.000000,0.000000,0.270000
85,84,skipped_too_many_qubits,10,0,,1.000000,0.000000,0.000000,0.000000,0.150000
86,85,skipped_too_many_qubits,8,0,,1.000000,0.400000,0.000000,0.000000,0.230000
87,86,parse_failed,0,0,,0.000000,0.000000,0.000000,0.000000,0.000000
88,87,skipped_too_many_qubits,10,0,,1.000000,0.000000,0.000000,0.000000,0.150000
89,88,run_failed,5,0,,1.000000,1.000000,0.000000,0.000000,0.350000
90,89,skipped_too_many_qubits,7,0,,1.000000,0.600000,0.000000,0.000000,0.270000
91,90,skipped_too_many_qubits,6,0,,1.000000,0.800000,0.000000,0.000000,0.310000
92,91,skipped_too_many_qubits,11,0,,1.000000,0.000000,0.000000,0.000000,0.150000
93,92,skipped_too_many_qubits,7,0,,1.000000,0.600000,0.000000,0.000000,0.270000
94,93,skipped_too_many_qubits,12,0,,1.000000,0.000000,0.000000,0.000000,0.150000
95,94,run_failed,5,0,,1.000000,1.000000,0.000000,0.000000,0.350000
96,95,skipped_too_many_qubits,10,0,,1.000000,0.000000,0.000000,0.000000,0.150000
97,96,skipped_too_many_qubits,8,0,,1.000000,0.400000,0.000000,0.000000,0.230000
98,97,skipped_too_many_qubits,8,0,,1.000000,0.400000,0.000000,0.000000,0.230000
99,98,skipped_too_many_qubits,8,0,,1.000000,0.400000,0.000000,0.000000,0.230000
100,99,skipped_too_many_qubits,9,0,,1.000000,0.200000,0.000000,0.000000,0.190000
101,100,skipped_too_many_qubits,10,0,,1.000000,0.000000,0.000000,0.000000,0.150000
102,101,skipped_too_many_qubits,6,0,,1.000000,0.800000,0.000000,0.000000,0.310000
103,102,skipped_too_many_qubits,13,0,,1.000000,0.000000,0.000000,0.000000,0.150000
104,103,skipped_too_many_qubits,10,0,,1.000000,0.000000,0.000000,0.000000,0.150000
105,104,skipped_too_many_qubits,7,0,,1.000000,0.600000,0.000000,0.000000,0.270000
106,105,skipped_too_many_qubits,7,0,,1.000000,0.600000,0.000000,0.000000,0.270000
107,106,skipped_too_many_qubits,13,0,,1.000000,0.000000,0.000000,0.000000,0.150000
108,107,skipped_too_many_qubits,9,0,,1.000000,0.200000,0.000000,0.000000,0.190000
109,108,skipped_too_many_qubits,11,0,,1.000000,0.000000,0.000000,0.000000,0.150000
110,109,parse_failed,0,0,,0.000000,0.000000,0.000000,0.000000,0.000000
111,110,skipped_too_many_qubits,8,0,,1.000000,0.400000,0.000000,0.000000,0.230000
112,111,skipped_too_many_qubits,10,0,,1.000000,0.000000,0.000000,0.000000,0.150000
113,112,skipped_too_many_qubits,7,0,,1.000000,0.600000,0.000000,0.000000,0.270000
114,113,skipped_too_many_qubits,7,0,,1.000000,0.600000,0.000000,0.000000,0.270000
115,114,skipped_too_many_qubits,6,0,,1.000000,0.800000,0.000000,0.000000,0.310000
116,115,skipped_too_many_qubits,12,0,,1.000000,0.000000,0.000000,0.000000,0.150000
117,116,run_failed,5,0,,1.000000,1.000000,0.000000,0.000000,0.350000
118,117,skipped_too_many_qubits,16,0,,1.000000,0.000000,0.000000,0.000000,0.150000
119,118,skipped_too_many_qubits,10,0,,1.000000,0.000000,0.000000,0.000000,0.150000
120,119,skipped_too_many_qubits,8,0,,1.000000,0.400000,0.000000,0.000000,0.230000
121,120,submitted_ok,3,1000,1.513000,1.000000,1.000000,0.495667,0.501495,0.673640
122,121,skipped_too_many_qubits,6,0,,1.000000,0.800000,0.000000,0.000000,0.310000
123,122,skipped_too_many_qubits,15,0,,1.000000,0.000000,0.000000,0.000000,0.150000
124,123,skipped_too_many_qubits,10,0,,1.000000,0.000000,0.000000,0.000000,0.150000
125,124,skipped_too_many_qubits,10,0,,1.000000,0.000000,0.000000,0.000000,0.150000
126,125,run_failed,5,0,,1.000000,1.000000,0.000000,0.000000,0.350000
127,126,skipped_too_many_qubits,10,0,,1.000000,0.000000,0.000000,0.000000,0.150000
128,127,skipped_too_many_qubits,6,0,,1.000000,0.800000,0.000000,0.000000,0.310000
129,128,run_failed,5,0,,1.000000,1.000000,0.000000,0.000000,0.350000
130,129,skipped_too_many_qubits,7,0,,1.000000,0.600000,0.000000,0.000000,0.270000
131,130,skipped_too_many_qubits,8,0,,1.000000,0.400000,0.000000,0.000000,0.230000
132,131,skipped_too_many_qubits,7,0,,1.000000,0.600000,0.000000,0.000000,0.270000
133,132,skipped_too_many_qubits,6,0,,1.000000,0.800000,0.000000,0.000000,0.310000
134,133,skipped_too_many_qubits,7,0,,1.000000,0.600000,0.000000,0.000000,0.270000
135,134,skipped_too_many_qubits,7,0,,1.000000,0.600000,0.000000,0.000000,0.270000
136,135,skipped_too_many_qubits,13,0,,1.000000,0.000000,0.000000,0.000000,0.150000
137,136,skipped_too_many_qubits,6,0,,1.000000,0.800000,0.000000,0.000000,0.310000
138,137,run_failed,5,0,,1.000000,1.000000,0.000000,0.000000,0.350000
139,138,skipped_too_many_qubits,11,0,,1.000000,0.000000,0.000000,0.000000,0.150000
140,139,skipped_too_many_qubits,8,0,,1.000000,0.400000,0.000000,0.000000,0.230000
141,140,skipped_too_many_qubits,8,0,,1.000000,0.400000,0.000000,0.000000,0.230000
142,141,skipped_too_many_qubits,7,0,,1.000000,0.600000,0.000000,0.000000,0.270000
143,142,submitted_ok,4,1000,1.580000,1.000000,1.000000,0.605000,0.000000,0.592000
144,143,skipped_too_many_qubits,10,0,,1.000000,0.000000,0.000000,0.000000,0.150000
145,144,skipped_too_many_qubits,8,0,,1.000000,0.400000,0.000000,0.000000,0.230000
146,145,skipped_too_many_qubits,8,0,,1.000000,0.400000,0.000000,0.000000,0.230000
147,146,skipped_too_many_qubits,8,0,,1.000000,0.400000,0.000000,0.000000,0.230000
148,147,skipped_too_many_qubits,8,0,,1.000000,0.400000,0.000000,0.000000,0.230000
149,148,skipped_too_many_qubits,9,0,,1.000000,0.200000,0.000000,0.000000,0.190000
150,149,skipped_too_many_qubits,8,0,,1.000000,0.400000,0.000000,0.000000,0.230000
151,150,skipped_too_many_qubits,7,0,,1.000000,0.600000,0.000000,0.000000,0.270000
152,151,skipped_too_many_qubits,10,0,,1.000000,0.000000,0.000000,0.000000,0.150000
153,152,skipped_too_many_qubits,9,0,,1.000000,0.200000,0.000000,0.000000,0.190000
154,153,skipped_too_many_qubits,8,0,,1.000000,0.400000,0.000000,0.000000,0.230000
155,154,skipped_too_many_qubits,7,0,,1.000000,0.600000,0.000000,0.000000,0.270000
156,155,skipped_too_many_qubits,9,0,,1.000000,0.200000,0.000000,0.000000,0.190000
157,156,skipped_too_many_qubits,7,0,,1.000000,0.600000,0.000000,0.000000,0.270000
158,157,skipped_too_many_qubits,7,0,,1.000000,0.600000,0.000000,0.000000,0.270000
159,158,skipped_too_many_qubits,9,0,,1.000000,0.200000,0.000000,0.000000,0.190000
160,159,skipped_too_many_qubits,10,0,,1.000000,0.000000,0.000000,0.000000,0.150000
161,160,skipped_too_many_qubits,12,0,,1.000000,0.000000,0.000000,0.000000,0.150000
162,161,skipped_too_many_qubits,6,0,,1.000000,0.800000,0.000000,0.000000,0.310000
163,162,skipped_too_many_qubits,7,0,,1.000000,0.600000,0.000000,0.000000,0.270000
164,163,skipped_too_many_qubits,6,0,,1.000000,0.800000,0.000000,0.000000,0.310000
165,164,skipped_too_many_qubits,16,0,,1.000000,0.000000,0.000000,0.000000,0.150000
166,165,skipped_too_many_qubits,8,0,,1.000000,0.400000,0.000000,0.000000,0.230000
167,166,skipped_too_many_qubits,6,0,,1.000000,0.800000,0.000000,0.000000,0.310000
168,167,skipped_too_many_qubits,8,0,,1.000000,0.400000,0.000000,0.000000,0.230000
169,168,skipped_too_many_qubits,8,0,,1.000000,0.400000,0.000000,0.000000,0.230000
170,169,skipped_too_many_qubits,9,0,,1.000000,0.200000,0.000000,0.000000,0.190000
171,170,skipped_too_many_qubits,9,0,,1.000000,0.200000,0.000000,0.000000,0.190000
172,171,skipped_too_many_qubits,11,0,,1.000000,0.000000,0.000000,0.000000,0.150000
173,172,skipped_too_many_qubits,9,0,,1.000000,0.200000,0.000000,0.000000,0.190000
174,173,skipped_too_many_qubits,7,0,,1.000000,0.600000,0.000000,0.000000,0.270000
175,174,skipped_too_many_qubits,8,0,,1.000000,0.400000,0.000000,0.000000,0.230000
176,175,skipped_too_many_qubits,8,0,,1.000000,0.400000,0.000000,0.000000,0.230000
177,176,skipped_too_many_qubits,8,0,,1.000000,0.400000,0.000000,0.000000,0.230000
178,177,skipped_too_many_qubits,8,0,,1.000000,0.400000,0.000000,0.000000,0.230000
179,178,skipped_too_many_qubits,10,0,,1.000000,0.000000,0.000000,0.000000,0.150000
180,179,skipped_too_many_qubits,9,0,,1.000000,0.200000,0.000000,0.000000,0.190000
181,180,skipped_too_many_qubits,8,0,,1.000000,0.400000,0.000000,0.000000,0.230000
182,181,skipped_too_many_qubits,7,0,,1.000000,0.600000,0.000000,0.000000,0.270000
183,182,skipped_too_many_qubits,9,0,,1.000000,0.200000,0.000000,0.000000,0.190000
184,183,skipped_too_many_qubits,6,0,,1.000000,0.800000,0.000000,0.000000,0.310000
185,184,skipped_too_many_qubits,6,0,,1.000000,0.800000,0.000000,0.000000,0.310000
186,185,skipped_too_many_qubits,9,0,,1.000000,0.200000,0.000000,0.000000,0.190000
187,186,skipped_too_many_qubits,7,0,,1.000000,0.600000,0.000000,0.000000,0.270000
188,187,skipped_too_many_qubits,9,0,,1.000000,0.200000,0.000000,0.000000,0.190000
189,188,skipped_too_many_qubits,6,0,,1.000000,0.800000,0.000000,0.000000,0.310000
190,189,skipped_too_many_qubits,11,0,,1.000000,0.000000,0.000000,0.000000,0.150000
191,190,skipped_too_many_qubits,8,0,,1.000000,0.400000,0.000000,0.000000,0.230000
192,191,skipped_too_many_qubits,9,0,,1.000000,0.200000,0.000000,0.000000,0.190000
193,192,submitted_ok,2,1000,0.925000,1.000000,1.000000,0.537500,1.000000,0.815000
194,193,skipped_too_many_qubits,9,0,,1.000000,0.200000,0.000000,0.000000,0.190000
195,194,skipped_too_many_qubits,12,0,,1.000000,0.000000,0.000000,0.000000,0.150000
196,195,skipped_too_many_qubits,8,0,,1.000000,0.400000,0.000000,0.000000,0.230000
197,196,skipped_too_many_qubits,9,0,,1.000000,0.200000,0.000000,0.000000,0.190000
198,197,skipped_too_many_qubits,10,0,,1.000000,0.000000,0.000000,0.000000,0.150000
199,198,skipped_too_many_qubits,7,0,,1.000000,0.600000,0.000000,0.000000,0.270000
200,199,skipped_too_many_qubits,8,0,,1.000000,0.400000,0.000000,0.000000,0.230000
201,200,skipped_too_many_qubits,10,0,,1.000000,0.000000,0.000000,0.000000,0.150000
202,201,skipped_too_many_qubits,9,0,,1.000000,0.200000,0.000000,0.000000,0.190000
203,202,skipped_too_many_qubits,11,0,,1.000000,0.000000,0.000000,0.000000,0.150000
204,203,skipped_too_many_qubits,7,0,,1.000000,0.600000,0.000000,0.000000,0.270000
205,204,skipped_too_many_qubits,13,0,,1.000000,0.000000,0.000000,0.000000,0.150000
206,205,skipped_too_many_qubits,7,0,,1.000000,0.600000,0.000000,0.000000,0.270000
207,206,skipped_too_many_qubits,8,0,,1.000000,0.400000,0.000000,0.000000,0.230000
208,207,skipped_too_many_qubits,8,0,,1.000000,0.400000,0.000000,0.000000,0.230000
209,208,skipped_too_many_qubits,6,0,,1.000000,0.800000,0.000000,0.000000,0.310000
210,209,skipped_too_many_qubits,12,0,,1.000000,0.000000,0.000000,0.000000,0.150000
211,210,skipped_too_many_qubits,13,0,,1.000000,0.000000,0.000000,0.000000,0.150000
212,211,skipped_too_many_qubits,9,0,,1.000000,0.200000,0.000000,0.000000,0.190000
213,212,skipped_too_many_qubits,7,0,,1.000000,0.600000,0.000000,0.000000,0.270000
214,213,skipped_too_many_qubits,9,0,,1.000000,0.200000,0.000000,0.000000,0.190000
215,214,skipped_too_many_qubits,7,0,,1.000000,0.600000,0.000000,0.000000,0.270000
216,215,skipped_too_many_qubits,12,0,,1.000000,0.000000,0.000000,0.000000,0.150000
217,216,skipped_too_many_qubits,6,0,,1.000000,0.800000,0.000000,0.000000,0.310000
218,217,skipped_too_many_qubits,8,0,,1.000000,0.400000,0.000000,0.000000,0.230000
219,218,parse_failed,0,0,,0.000000,0.000000,0.000000,0.000000,0.000000
220,219,skipped_too_many_qubits,9,0,,1.000000,0.200000,0.000000,0.000000,0.190000
221,220,skipped_too_many_qubits,8,0,,1.000000,0.400000,0.000000,0.000000,0.230000
222,221,skipped_too_many_qubits,6,0,,1.000000,0.800000,0.000000,0.000000,0.310000
223,222,skipped_too_many_qubits,9,0,,1.000000,0.200000,0.000000,0.000000,0.190000
224,223,skipped_too_many_qubits,11,0,,1.000000,0.000000,0.000000,0.000000,0.150000
225,224,skipped_too_many_qubits,9,0,,1.000000,0.200000,0.000000,0.000000,0.190000
226,225,run_failed,5,0,,1.000000,1.000000,0.000000,0.000000,0.350000
227,226,skipped_too_many_qubits,9,0,,1.000000,0.200000,0.000000,0.000000,0.190000
228,227,skipped_too_many_qubits,10,0,,1.000000,0.000000,0.000000,0.000000,0.150000
229,228,skipped_too_many_qubits,9,0,,1.000000,0.200000,0.000000,0.000000,0.190000
230,229,skipped_too_many_qubits,8,0,,1.000000,0.400000,0.000000,0.000000,0.230000
231,230,skipped_too_many_qubits,8,0,,1.000000,0.400000,0.000000,0.000000,0.230000
232,231,skipped_too_many_qubits,12,0,,1.000000,0.000000,0.000000,0.000000,0.150000
233,232,skipped_too_many_qubits,10,0,,1.000000,0.000000,0.000000,0.000000,0.150000
234,233,skipped_too_many_qubits,8,0,,1.000000,0.400000,0.000000,0.000000,0.230000
235,234,skipped_too_many_qubits,8,0,,1.000000,0.400000,0.000000,0.000000,0.230000
236,235,skipped_too_many_qubits,6,0,,1.000000,0.800000,0.000000,0.000000,0.310000
237,236,skipped_too_many_qubits,8,0,,1.000000,0.400000,0.000000,0.000000,0.230000
238,237,skipped_too_many_qubits,8,0,,1.000000,0.400000,0.000000,0.000000,0.230000
239,238,parse_failed,0,0,,0.000000,0.000000,0.000000,0.000000,0.000000
240,239,skipped_too_many_qubits,7,0,,1.000000,0.600000,0.000000,0.000000,0.270000
241,240,skipped_too_many_qubits,6,0,,1.000000,0.800000,0.000000,0.000000,0.310000
242,241,skipped_too_many_qubits,8,0,,1.000000,0.400000,0.000000,0.000000,0.230000
243,242,skipped_too_many_qubits,6,0,,1.000000,0.800000,0.000000,0.000000,0.310000
244,243,skipped_too_many_qubits,6,0,,1.000000,0.800000,0.000000,0.000000,0.310000
245,244,skipped_too_many_qubits,6,0,,1.000000,0.800000,0.000000,0.000000,0.310000
246,245,skipped_too_many_qubits,6,0,,1.000000,0.800000,0.000000,0.000000,0.310000
247,246,skipped_too_many_qubits,6,0,,1.000000,0.800000,0.000000,0.000000,0.310000
248,247,parse_failed,0,0,,0.000000,0.000000,0.000000,0.000000,0.000000
249,248,skipped_too_many_qubits,9,0,,1.000000,0.200000,0.000000,0.000000,0.190000
250,249,skipped_too_many_qubits,9,0,,1.000000,0.200000,0.000000,0.000000,0.190000
251,250,skipped_too_many_qubits,7,0,,1.000000,0.600000,0.000000,0.000000,0.270000
252,251,skipped_too_many_qubits,10,0,,1.000000,0.000000,0.000000,0.000000,0.150000
253,252,skipped_too_many_qubits,7,0,,1.000000,0.600000,0.000000,0.000000,0.270000
254,253,skipped_too_many_qubits,9,0,,1.000000,0.200000,0.000000,0.000000,0.190000
255,254,skipped_too_many_qubits,10,0,,1.000000,0.000000,0.000000,0.000000,0.150000
256,255,skipped_too_many_qubits,8,0,,1.000000,0.400000,0.000000,0.000000,0.230000
257,256,run_failed,5,0,,1.000000,1.000000,0.000000,0.000000,0.350000
258,257,run_failed,5,0,,1.000000,1.000000,0.000000,0.000000,0.350000
259,258,skipped_too_many_qubits,10,0,,1.000000,0.000000,0.000000,0.000000,0.150000
260,259,submitted_ok,4,1000,1.039000,1.000000,1.000000,0.740250,0.899715,0.871029
261,260,skipped_too_many_qubits,8,0,,1.000000,0.400000,0.000000,0.000000,0.230000
262,261,skipped_too_many_qubits,8,0,,1.000000,0.400000,0.000000,0.000000,0.230000
263,262,skipped_too_many_qubits,9,0,,1.000000,0.200000,0.000000,0.000000,0.190000
264,263,run_failed,5,0,,1.000000,1.000000,0.000000,0.000000,0.350000
265,264,skipped_too_many_qubits,8,0,,1.000000,0.400000,0.000000,0.000000,0.230000
266,265,skipped_too_many_qubits,9,0,,1.000000,0.200000,0.000000,0.000000,0.190000
267,266,parse_failed,0,0,,0.000000,0.000000,0.000000,0.000000,0.000000
268,267,skipped_too_many_qubits,10,0,,1.000000,0.000000,0.000000,0.000000,0.150000
269,268,skipped_too_many_qubits,10,0,,1.000000,0.000000,0.000000,0.000000,0.150000
270,269,skipped_too_many_qubits,8,0,,1.000000,0.400000,0.000000,0.000000,0.230000
271,270,skipped_too_many_qubits,9,0,,1.000000,0.200000,0.000000,0.000000,0.190000
272,271,run_failed,5,0,,1.000000,1.000000,0.000000,0.000000,0.350000
273,272,skipped_too_many_qubits,9,0,,1.000000,0.200000,0.000000,0.000000,0.190000
274,273,skipped_too_many_qubits,12,0,,1.000000,0.000000,0.000000,0.000000,0.150000
275,274,skipped_too_many_qubits,16,0,,1.000000,0.000000,0.000000,0.000000,0.150000
276,275,skipped_too_many_qubits,12,0,,1.000000,0.000000,0.000000,0.000000,0.150000
277,276,skipped_too_many_qubits,9,0,,1.000000,0.200000,0.000000,0.000000,0.190000
278,277,skipped_too_many_qubits,8,0,,1.000000,0.400000,0.000000,0.000000,0.230000
279,278,skipped_too_many_qubits,8,0,,1.000000,0.400000,0.000000,0.000000,0.230000
280,279,run_failed,5,0,,1.000000,1.000000,0.000000,0.000000,0.350000
281,280,skipped_too_many_qubits,10,0,,1.000000,0.000000,0.000000,0.000000,0.150000
282,281,submitted_ok,4,1000,1.804000,1.000000,1.000000,0.549000,0.590067,0.717117
283,282,skipped_too_many_qubits,8,0,,1.000000,0.400000,0.000000,0.000000,0.230000
284,283,skipped_too_many_qubits,9,0,,1.000000,0.200000,0.000000,0.000000,0.190000
285,284,skipped_too_many_qubits,7,0,,1.000000,0.600000,0.000000,0.000000,0.270000
286,285,skipped_too_many_qubits,6,0,,1.000000,0.800000,0.000000,0.000000,0.310000
287,286,skipped_too_many_qubits,8,0,,1.000000,0.400000,0.000000,0.000000,0.230000
288,287,skipped_too_many_qubits,9,0,,1.000000,0.200000,0.000000,0.000000,0.190000
289,288,submitted_ok,4,1000,1.632000,1.000000,1.000000,0.592000,0.575555,0.730689
290,289,skipped_too_many_qubits,9,0,,1.000000,0.200000,0.000000,0.000000,0.190000
291,290,skipped_too_many_qubits,6,0,,1.000000,0.800000,0.000000,0.000000,0.310000
292,291,skipped_too_many_qubits,12,0,,1.000000,0.000000,0.000000,0.000000,0.150000
293,292,skipped_too_many_qubits,10,0,,1.000000,0.000000,0.000000,0.000000,0.150000
294,293,skipped_too_many_qubits,7,0,,1.000000,0.600000,0.000000,0.000000,0.270000
295,294,run_failed,5,0,,1.000000,1.000000,0.000000,0.000000,0.350000
296,295,skipped_too_many_qubits,10,0,,1.000000,0.000000,0.000000,0.000000,0.150000
297,296,skipped_too_many_qubits,9,0,,1.000000,0.200000,0.000000,0.000000,0.190000
298,297,run_failed,5,0,,1.000000,1.000000,0.000000,0.000000,0.350000
299,298,skipped_too_many_qubits,7,0,,1.000000,0.600000,0.000000,0.000000,0.270000
300,299,skipped_too_many_qubits,9,0,,1.000000,0.200000,0.000000,0.000000,0.190000
301,300,skipped_too_many_qubits,8,0,,1.000000,0.400000,0.000000,0.000000,0.230000
302,301,skipped_too_many_qubits,8,0,,1.000000,0.400000,0.000000,0.000000,0.230000
303,302,skipped_too_many_qubits,9,0,,1.000000,0.200000,0.000000,0.000000,0.190000
304,303,skipped_too_many_qubits,7,0,,1.000000,0.600000,0.000000,0.000000,0.270000
305,304,skipped_too_many_qubits,11,0,,1.000000,0.000000,0.000000,0.000000,0.150000
306,305,skipped_too_many_qubits,8,0,,1.000000,0.400000,0.000000,0.000000,0.230000
307,306,skipped_too_many_qubits,9,0,,1.000000,0.200000,0.000000,0.000000,0.190000
308,307,skipped_too_many_qubits,7,0,,1.000000,0.600000,0.000000,0.000000,0.270000
309,308,skipped_too_many_qubits,10,0,,1.000000,0.000000,0.000000,0.000000,0.150000
310,309,run_failed,5,0,,1.000000,1.000000,0.000000,0.000000,0.350000
311,310,skipped_too_many_qubits,7,0,,1.000000,0.600000,0.000000,0.000000,0.270000
312,311,skipped_too_many_qubits,6,0,,1.000000,0.800000,0.000000,0.000000,0.310000
313,312,skipped_too_many_qubits,9,0,,1.000000,0.200000,0.000000,0.000000,0.190000
314,313,skipped_too_many_qubits,7,0,,1.000000,0.600000,0.000000,0.000000,0.270000
315,314,skipped_too_many_qubits,10,0,,1.000000,0.000000,0.000000,0.000000,0.150000
316,315,skipped_too_many_qubits,10,0,,1.000000,0.000000,0.000000,0.000000,0.150000
317,316,skipped_too_many_qubits,9,0,,1.000000,0.200000,0.000000,0.000000,0.190000
318,317,skipped_too_many_qubits,8,0,,1.000000,0.400000,0.000000,0.000000,0.230000
319,318,skipped_too_many_qubits,6,0,,1.000000,0.800000,0.000000,0.000000,0.310000
320,319,skipped_too_many_qubits,7,0,,1.000000,0.600000,0.000000,0.000000,0.270000
321,320,skipped_too_many_qubits,10,0,,1.000000,0.000000,0.000000,0.000000,0.150000
322,321,skipped_too_many_qubits,9,0,,1.000000,0.200000,0.000000,0.000000,0.190000
323,322,skipped_too_many_qubits,11,0,,1.000000,0.000000,0.000000,0.000000,0.150000
324,323,skipped_too_many_qubits,10,0,,1.000000,0.000000,0.000000,0.000000,0.150000
325,324,submitted_ok,4,1000,1.005000,1.000000,1.000000,0.748750,0.544524,0.785631
326,325,skipped_too_many_qubits,8,0,,1.000000,0.400000,0.000000,0.000000,0.230000
327,326,skipped_too_many_qubits,16,0,,1.000000,0.000000,0.000000,0.000000,0.150000
328,327,skipped_too_many_qubits,7,0,,1.000000,0.600000,0.000000,0.000000,0.270000
329,328,skipped_too_many_qubits,8,0,,1.000000,0.400000,0.000000,0.000000,0.230000
330,329,skipped_too_many_qubits,7,0,,1.000000,0.600000,0.000000,0.000000,0.270000
331,330,skipped_too_many_qubits,6,0,,1.000000,0.800000,0.000000,0.000000,0.310000
332,331,parse_failed,0,0,,0.000000,0.000000,0.000000,0.000000,0.000000
333,332,skipped_too_many_qubits,6,0,,1.000000,0.800000,0.000000,0.000000,0.310000
334,333,skipped_too_many_qubits,12,0,,1.000000,0.000000,0.000000,0.000000,0.150000
335,334,skipped_too_many_qubits,9,0,,1.000000,0.200000,0.000000,0.000000,0.190000
336,335,skipped_too_many_qubits,8,0,,1.000000,0.400000,0.000000,0.000000,0.230000
337,336,skipped_too_many_qubits,7,0,,1.000000,0.600000,0.000000,0.000000,0.270000
338,337,skipped_too_many_qubits,12,0,,1.000000,0.000000,0.000000,0.000000,0.150000
339,338,skipped_too_many_qubits,9,0,,1.000000,0.200000,0.000000,0.000000,0.190000
340,339,submitted_ok,4,1000,1.737000,1.000000,1.000000,0.565750,0.995415,0.825154
341,340,skipped_too_many_qubits,12,0,,1.000000,0.000000,0.000000,0.000000,0.150000
342,341,skipped_too_many_qubits,9,0,,1.000000,0.200000,0.000000,0.000000,0.190000
343,342,skipped_too_many_qubits,9,0,,1.000000,0.200000,0.000000,0.000000,0.190000
344,343,skipped_too_many_qubits,13,0,,1.000000,0.000000,0.000000,0.000000,0.150000
345,344,skipped_too_many_qubits,11,0,,1.000000,0.000000,0.000000,0.000000,0.150000
346,345,skipped_too_many_qubits,14,0,,1.000000,0.000000,0.000000,0.000000,0.150000
347,346,skipped_too_many_qubits,9,0,,1.000000,0.200000,0.000000,0.000000,0.190000
348,347,skipped_too_many_qubits,11,0,,1.000000,0.000000,0.000000,0.000000,0.150000
349,348,skipped_too_many_qubits,11,0,,1.000000,0.000000,0.000000,0.000000,0.150000
350,349,skipped_too_many_qubits,11,0,,1.000000,0.000000,0.000000,0.000000,0.150000
351,350,skipped_too_many_qubits,9,0,,1.000000,0.200000,0.000000,0.000000,0.190000
352,351,skipped_too_many_qubits,12,0,,1.000000,0.000000,0.000000,0.000000,0.150000
353,352,skipped_too_many_qubits,10,0,,1.000000,0.000000,0.000000,0.000000,0.150000
354,353,skipped_too_many_qubits,6,0,,1.000000,0.800000,0.000000,0.000000,0.310000
355,354,skipped_too_many_qubits,12,0,,1.000000,0.000000,0.000000,0.000000,0.150000
356,355,skipped_too_many_qubits,7,0,,1.000000,0.600000,0.000000,0.000000,0.270000
357,356,skipped_too_many_qubits,11,0,,1.000000,0.000000,0.000000,0.000000,0.150000
358,357,skipped_too_many_qubits,7,0,,1.000000,0.600000,0.000000,0.000000,0.270000
359,358,run_failed,5,0,,1.000000,1.000000,0.000000,0.000000,0.350000
360,359,skipped_too_many_qubits,6,0,,1.000000,0.800000,0.000000,0.000000,0.310000
361,360,skipped_too_many_qubits,7,0,,1.000000,0.600000,0.000000,0.000000,0.270000
362,361,skipped_too_many_qubits,7,0,,1.000000,0.600000,0.000000,0.000000,0.270000
363,362,skipped_too_many_qubits,8,0,,1.000000,0.400000,0.000000,0.000000,0.230000
364,363,skipped_too_many_qubits,11,0,,1.000000,0.000000,0.000000,0.000000,0.150000
365,364,skipped_too_many_qubits,9,0,,1.000000,0.200000,0.000000,0.000000,0.190000
366,365,skipped_too_many_qubits,9,0,,1.000000,0.200000,0.000000,0.000000,0.190000
367,366,skipped_too_many_qubits,12,0,,1.000000,0.000000,0.000000,0.000000,0.150000
368,367,parse_failed,0,0,,0.000000,0.000000,0.000000,0.000000,0.000000
369,368,skipped_too_many_qubits,7,0,,1.000000,0.600000,0.000000,0.000000,0.270000
370,369,skipped_too_many_qubits,8,0,,1.000000,0.400000,0.000000,0.000000,0.230000
371,370,skipped_too_many_qubits,6,0,,1.000000,0.800000,0.000000,0.000000,0.310000
372,371,skipped_too_many_qubits,9,0,,1.000000,0.200000,0.000000,0.000000,0.190000
373,372,skipped_too_many_qubits,6,0,,1.000000,0.800000,0.000000,0.000000,0.310000
374,373,skipped_too_many_qubits,12,0,,1.000000,0.000000,0.000000,0.000000,0.150000
375,374,parse_failed,0,0,,0.000000,0.000000,0.000000,0.000000,0.000000
376,375,skipped_too_many_qubits,9,0,,1.000000,0.200000,0.000000,0.000000,0.190000
377,376,skipped_too_many_qubits,9,0,,1.000000,0.200000,0.000000,0.000000,0.190000
378,377,skipped_too_many_qubits,11,0,,1.000000,0.000000,0.000000,0.000000,0.150000
379,378,run_failed,5,0,,1.000000,1.000000,0.000000,0.000000,0.350000
380,379,submitted_ok,4,1000,1.769000,1.000000,1.000000,0.557750,0.497892,0.697573
381,380,skipped_too_many_qubits,7,0,,1.000000,0.600000,0.000000,0.000000,0.270000
382,381,skipped_too_many_qubits,9,0,,1.000000,0.200000,0.000000,0.000000,0.190000
383,382,skipped_too_many_qubits,10,0,,1.000000,0.000000,0.000000,0.000000,0.150000
384,383,skipped_too_many_qubits,8,0,,1.000000,0.400000,0.000000,0.000000,0.230000
385,384,skipped_too_many_qubits,6,0,,1.000000,0.800000,0.000000,0.000000,0.310000
386,385,skipped_too_many_qubits,9,0,,1.000000,0.200000,0.000000,0.000000,0.190000
387,386,run_failed,5,0,,1.000000,1.000000,0.000000,0.000000,0.350000
388,387,skipped_too_many_qubits,13,0,,1.000000,0.000000,0.000000,0.000000,0.150000
389,388,skipped_too_many_qubits,6,0,,1.000000,0.800000,0.000000,0.000000,0.310000
390,389,skipped_too_many_qubits,7,0,,1.000000,0.600000,0.000000,0.000000,0.270000
391,390,skipped_too_many_qubits,9,0,,1.000000,0.200000,0.000000,0.000000,0.190000
392,391,skipped_too_many_qubits,8,0,,1.000000,0.400000,0.000000,0.000000,0.230000
393,392,skipped_too_many_qubits,9,0,,1.000000,0.200000,0.000000,0.000000,0.190000
394,393,skipped_too_many_qubits,11,0,,1.000000,0.000000,0.000000,0.000000,0.150000
395,394,skipped_too_many_qubits,9,0,,1.000000,0.200000,0.000000,0.000000,0.190000
396,395,skipped_too_many_qubits,10,0,,1.000000,0.000000,0.000000,0.000000,0.150000
397,396,skipped_too_many_qubits,10,0,,1.000000,0.000000,0.000000,0.000000,0.150000
398,397,skipped_too_many_qubits,10,0,,1.000000,0.000000,0.000000,0.000000,0.150000
399,398,skipped_too_many_qubits,8,0,,1.000000,0.400000,0.000000,0.000000,0.230000
400,399,skipped_too_many_qubits,8,0,,1.000000,0.400000,0.000000,0.000000,0.230000
401,400,skipped_too_many_qubits,10,0,,1.000000,0.000000,0.000000,0.000000,0.150000
402,401,skipped_too_many_qubits,8,0,,1.000000,0.400000,0.000000,0.000000,0.230000
403,402,skipped_too_many_qubits,9,0,,1.000000,0.200000,0.000000,0.000000,0.190000
404,403,skipped_too_many_qubits,9,0,,1.000000,0.200000,0.000000,0.000000,0.190000
405,404,skipped_too_many_qubits,12,0,,1.000000,0.000000,0.000000,0.000000,0.150000
406,405,skipped_too_many_qubits,9,0,,1.000000,0.200000,0.000000,0.000000,0.190000
407,406,skipped_too_many_qubits,7,0,,1.000000,0.600000,0.000000,0.000000,0.270000
408,407,skipped_too_many_qubits,9,0,,1.000000,0.200000,0.000000,0.000000,0.190000
409,408,skipped_too_many_qubits,8,0,,1.000000,0.400000,0.000000,0.000000,0.230000
410,409,skipped_too_many_qubits,9,0,,1.000000,0.200000,0.000000,0.000000,0.190000
411,410,skipped_too_many_qubits,6,0,,1.000000,0.800000,0.000000,0.000000,0.310000
412,411,skipped_too_many_qubits,11,0,,1.000000,0.000000,0.000000,0.000000,0.150000
413,412,skipped_too_many_qubits,6,0,,1.000000,0.800000,0.000000,0.000000,0.310000
414,413,skipped_too_many_qubits,6,0,,1.000000,0.800000,0.000000,0.000000,0.310000
415,414,skipped_too_many_qubits,8,0,,1.000000,0.400000,0.000000,0.000000,0.230000
416,415,skipped_too_many_qubits,10,0,,1.000000,0.000000,0.000000,0.000000,0.150000
417,416,skipped_too_many_qubits,6,0,,1.000000,0.800000,0.000000,0.000000,0.310000
418,417,skipped_too_many_qubits,6,0,,1.000000,0.800000,0.000000,0.000000,0.310000
419,418,skipped_too_many_qubits,10,0,,1.000000,0.000000,0.000000,0.000000,0.150000
420,419,skipped_too_many_qubits,6,0,,1.000000,0.800000,0.000000,0.000000,0.310000
421,420,skipped_too_many_qubits,12,0,,1.000000,0.000000,0.000000,0.000000,0.150000
422,421,skipped_too_many_qubits,11,0,,1.000000,0.000000,0.000000,0.000000,0.150000
423,422,submitted_ok,4,1000,1.820000,1.000000,1.000000,0.545000,0.586299,0.714575
424,423,skipped_too_many_qubits,16,0,,1.000000,0.000000,0.000000,0.000000,0.150000
425,424,skipped_too_many_qubits,9,0,,1.000000,0.200000,0.000000,0.000000,0.190000
426,425,skipped_too_many_qubits,8,0,,1.000000,0.400000,0.000000,0.000000,0.230000
427,426,skipped_too_many_qubits,8,0,,1.000000,0.400000,0.000000,0.000000,0.230000
428,427,skipped_too_many_qubits,8,0,,1.000000,0.400000,0.000000,0.000000,0.230000
429,428,skipped_too_many_qubits,10,0,,1.000000,0.000000,0.000000,0.000000,0.150000
430,429,run_failed,5,0,,1.000000,1.000000,0.000000,0.000000,0.350000
431,430,skipped_too_many_qubits,6,0,,1.000000,0.800000,0.000000,0.000000,0.310000
432,431,submitted_ok,4,1000,1.611000,1.000000,1.000000,0.597250,0.536410,0.723002
433,432,skipped_too_many_qubits,7,0,,1.000000,0.600000,0.000000,0.000000,0.270000
434,433,skipped_too_many_qubits,8,0,,1.000000,0.400000,0.000000,0.000000,0.230000
435,434,skipped_too_many_qubits,9,0,,1.000000,0.200000,0.000000,0.000000,0.190000
436,435,skipped_too_many_qubits,7,0,,1.000000,0.600000,0.000000,0.000000,0.270000
437,436,skipped_too_many_qubits,6,0,,1.000000,0.800000,0.000000,0.000000,0.310000
438,437,skipped_too_many_qubits,6,0,,1.000000,0.800000,0.000000,0.000000,0.310000
439,438,skipped_too_many_qubits,13,0,,1.000000,0.000000,0.000000,0.000000,0.150000
440,439,skipped_too_many_qubits,7,0,,1.000000,0.600000,0.000000,0.000000,0.270000
441,440,skipped_too_many_qubits,13,0,,1.000000,0.000000,0.000000,0.000000,0.150000
442,441,skipped_too_many_qubits,12,0,,1.000000,0.000000,0.000000,0.000000,0.150000
443,442,skipped_too_many_qubits,9,0,,1.000000,0.200000,0.000000,0.000000,0.190000
444,443,run_failed,5,0,,1.000000,1.000000,0.000000,0.000000,0.350000
445,444,skipped_too_many_qubits,9,0,,1.000000,0.200000,0.000000,0.000000,0.190000
446,445,skipped_too_many_qubits,10,0,,1.000000,0.000000,0.000000,0.000000,0.150000
447,446,parse_failed,0,0,,0.000000,0.000000,0.000000,0.000000,0.000000
448,447,skipped_too_many_qubits,7,0,,1.000000,0.600000,0.000000,0.000000,0.270000
449,448,skipped_too_many_qubits,6,0,,1.000000,0.800000,0.000000,0.000000,0.310000
450,449,skipped_too_many_qubits,9,0,,1.000000,0.200000,0.000000,0.000000,0.190000
451,450,skipped_too_many_qubits,9,0,,1.000000,0.200000,0.000000,0.000000,0.190000
452,451,run_failed,5,0,,1.000000,1.000000,0.000000,0.000000,0.350000
453,452,skipped_too_many_qubits,6,0,,1.000000,0.800000,0.000000,0.000000,0.310000
454,453,skipped_too_many_qubits,6,0,,1.000000,0.800000,0.000000,0.000000,0.310000
455,454,skipped_too_many_qubits,6,0,,1.000000,0.800000,0.000000,0.000000,0.310000
456,455,skipped_too_many_qubits,13,0,,1.000000,0.000000,0.000000,0.000000,0.150000
457,456,skipped_too_many_qubits,6,0,,1.000000,0.800000,0.000000,0.000000,0.310000
458,457,run_failed,5,0,,1.000000,1.000000,0.000000,0.000000,0.350000
459,458,skipped_too_many_qubits,8,0,,1.000000,0.400000,0.000000,0.000000,0.230000
460,459,skipped_too_many_qubits,12,0,,1.000000,0.000000,0.000000,0.000000,0.150000
461,460,skipped_too_many_qubits,10,0,,1.000000,0.000000,0.000000,0.000000,0.150000
462,461,skipped_too_many_qubits,9,0,,1.000000,0.200000,0.000000,0.000000,0.190000
463,462,skipped_too_many_qubits,10,0,,1.000000,0.000000,0.000000,0.000000,0.150000
464,463,skipped_too_many_qubits,14,0,,1.000000,0.000000,0.000000,0.000000,0.150000
465,464,skipped_too_many_qubits,7,0,,1.000000,0.600000,0.000000,0.000000,0.270000
466,465,skipped_too_many_qubits,6,0,,1.000000,0.800000,0.000000,0.000000,0.310000
467,466,skipped_too_many_qubits,11,0,,1.000000,0.000000,0.000000,0.000000,0.150000
468,467,skipped_too_many_qubits,7,0,,1.000000,0.600000,0.000000,0.000000,0.270000
469,468,skipped_too_many_qubits,6,0,,1.000000,0.800000,0.000000,0.000000,0.310000
470,469,skipped_too_many_qubits,10,0,,1.000000,0.000000,0.000000,0.000000,0.150000
471,470,skipped_too_many_qubits,9,0,,1.000000,0.200000,0.000000,0.000000,0.190000
472,471,skipped_too_many_qubits,7,0,,1.000000,0.600000,0.000000,0.000000,0.270000
473,472,skipped_too_many_qubits,6,0,,1.000000,0.800000,0.000000,0.000000,0.310000
474,473,skipped_too_many_qubits,8,0,,1.000000,0.400000,0.000000,0.000000,0.230000
475,474,skipped_too_many_qubits,12,0,,1.000000,0.000000,0.000000,0.000000,0.150000
476,475,skipped_too_many_qubits,11,0,,1.000000,0.000000,0.000000,0.000000,0.150000
477,476,skipped_too_many_qubits,8,0,,1.000000,0.400000,0.000000,0.000000,0.230000
478,477,skipped_too_many_qubits,9,0,,1.000000,0.200000,0.000000,0.000000,0.190000
479,478,skipped_too_many_qubits,6,0,,1.000000,0.800000,0.000000,0.000000,0.310000
480,479,skipped_too_many_qubits,9,0,,1.000000,0.200000,0.000000,0.000000,0.190000
481,480,skipped_too_many_qubits,6,0,,1.000000,0.800000,0.000000,0.000000,0.310000
482,481,skipped_too_many_qubits,13,0,,1.000000,0.000000,0.000000,0.000000,0.150000
483,482,skipped_too_many_qubits,11,0,,1.000000,0.000000,0.000000,0.000000,0.150000
484,483,skipped_too_many_qubits,6,0,,1.000000,0.800000,0.000000,0.000000,0.310000
485,484,skipped_too_many_qubits,8,0,,1.000000,0.400000,0.000000,0.000000,0.230000
486,485,run_failed,5,0,,1.000000,1.000000,0.000000,0.000000,0.350000
487,486,skipped_too_many_qubits,10,0,,1.000000,0.000000,0.000000,0.000000,0.150000
488,487,skipped_too_many_qubits,7,0,,1.000000,0.600000,0.000000,0.000000,0.270000
489,488,skipped_too_many_qubits,10,0,,1.000000,0.000000,0.000000,0.000000,0.150000
490,489,skipped_too_many_qubits,6,0,,1.000000,0.800000,0.000000,0.000000,0.310000
491,490,skipped_too_many_qubits,7,0,,1.000000,0.600000,0.000000,0.000000,0.270000
492,491,skipped_too_many_qubits,7,0,,1.000000,0.600000,0.000000,0.000000,0.270000
493,492,skipped_too_many_qubits,15,0,,1.000000,0.000000,0.000000,0.000000,0.150000
494,493,skipped_too_many_qubits,13,0,,1.000000,0.000000,0.000000,0.000000,0.150000
495,494,skipped_too_many_qubits,8,0,,1.000000,0.400000,0.000000,0.000000,0.230000
496,495,skipped_too_many_qubits,6,0,,1.000000,0.800000,0.000000,0.000000,0.310000
497,496,skipped_too_many_qubits,14,0,,1.000000,0.000000,0.000000,0.000000,0.150000
498,497,skipped_too_many_qubits,6,0,,1.000000,0.800000,0.000000,0.000000,0.310000
499,498,skipped_too_many_qubits,8,0,,1.000000,0.400000,0.000000,0.000000,0.230000
500,499,skipped_too_many_qubits,9,0,,1.000000,0.200000,0.000000,0.000000,0.190000
501,500,skipped_too_many_qubits,8,0,,1.000000,0.400000,0.000000,0.000000,0.230000
502,501,skipped_too_many_qubits,10,0,,1.000000,0.000000,0.000000,0.000000,0.150000
503,502,skipped_too_many_qubits,7,0,,1.000000,0.600000,0.000000,0.000000,0.270000
504,503,skipped_too_many_qubits,11,0,,1.000000,0.000000,0.000000,0.000000,0.150000
505,504,skipped_too_many_qubits,16,0,,1.000000,0.000000,0.000000,0.000000,0.150000
506,505,skipped_too_many_qubits,10,0,,1.000000,0.000000,0.000000,0.000000,0.150000
507,506,skipped_too_many_qubits,7,0,,1.000000,0.600000,0.000000,0.000000,0.270000
508,507,skipped_too_many_qubits,8,0,,1.000000,0.400000,0.000000,0.000000,0.230000
509,508,skipped_too_many_qubits,11,0,,1.000000,0.000000,0.000000,0.000000,0.150000
510,509,skipped_too_many_qubits,8,0,,1.000000,0.400000,0.000000,0.000000,0.230000
511,510,submitted_ok,4,1000,1.772000,1.000000,1.000000,0.557000,0.931291,0.805623
512,511,skipped_too_many_qubits,6,0,,1.000000,0.800000,0.000000,0.000000,0.310000
513,512,skipped_too_many_qubits,8,0,,1.000000,0.400000,0.000000,0.000000,0.230000
514,513,skipped_too_many_qubits,12,0,,1.000000,0.000000,0.000000,0.000000,0.150000
515,514,skipped_too_many_qubits,6,0,,1.000000,0.800000,0.000000,0.000000,0.310000
516,515,skipped_too_many_qubits,9,0,,1.000000,0.200000,0.000000,0.000000,0.190000
517,516,skipped_too_many_qubits,7,0,,1.000000,0.600000,0.000000,0.000000,0.270000
518,517,parse_failed,0,0,,0.000000,0.000000,0.000000,0.000000,0.000000
519,518,parse_failed,0,0,,0.000000,0.000000,0.000000,0.000000,0.000000
520,519,skipped_too_many_qubits,9,0,,1.000000,0.200000,0.000000,0.000000,0.190000
521,520,skipped_too_many_qubits,10,0,,1.000000,0.000000,0.000000,0.000000,0.150000
522,521,run_failed,5,0,,1.000000,1.000000,0.000000,0.000000,0.350000
523,522,skipped_too_many_qubits,13,0,,1.000000,0.000000,0.000000,0.000000,0.150000
524,523,skipped_too_many_qubits,9,0,,1.000000,0.200000,0.000000,0.000000,0.190000
525,524,skipped_too_many_qubits,11,0,,1.000000,0.000000,0.000000,0.000000,0.150000
526,525,skipped_too_many_qubits,16,0,,1.000000,0.000000,0.000000,0.000000,0.150000
527,526,skipped_too_many_qubits,8,0,,1.000000,0.400000,0.000000,0.000000,0.230000
528,527,parse_failed,0,0,,0.000000,0.000000,0.000000,0.000000,0.000000
529,528,skipped_too_many_qubits,11,0,,1.000000,0.000000,0.000000,0.000000,0.150000
530,529,skipped_too_many_qubits,10,0,,1.000000,0.000000,0.000000,0.000000,0.150000
531,530,skipped_too_many_qubits,10,0,,1.000000,0.000000,0.000000,0.000000,0.150000
532,531,skipped_too_many_qubits,8,0,,1.000000,0.400000,0.000000,0.000000,0.230000
533,532,skipped_too_many_qubits,9,0,,1.000000,0.200000,0.000000,0.000000,0.190000
534,533,skipped_too_many_qubits,7,0,,1.000000,0.600000,0.000000,0.000000,0.270000
535,534,run_failed,5,0,,1.000000,1.000000,0.000000,0.000000,0.350000
536,535,skipped_too_many_qubits,8,0,,1.000000,0.400000,0.000000,0.000000,0.230000
537,536,skipped_too_many_qubits,7,0,,1.000000,0.600000,0.000000,0.000000,0.270000
538,537,skipped_too_many_qubits,9,0,,1.000000,0.200000,0.000000,0.000000,0.190000
539,538,skipped_too_many_qubits,7,0,,1.000000,0.600000,0.000000,0.000000,0.270000
540,539,run_failed,5,0,,1.000000,1.000000,0.000000,0.000000,0.350000
541,540,skipped_too_many_qubits,12,0,,1.000000,0.000000,0.000000,0.000000,0.150000
542,541,skipped_too_many_qubits,7,0,,1.000000,0.600000,0.000000,0.000000,0.270000
543,542,skipped_too_many_qubits,7,0,,1.000000,0.600000,0.000000,0.000000,0.270000
544,543,skipped_too_many_qubits,9,0,,1.000000,0.200000,0.000000,0.000000,0.190000
545,544,skipped_too_many_qubits,8,0,,1.000000,0.400000,0.000000,0.000000,0.230000
546,545,skipped_too_many_qubits,11,0,,1.000000,0.000000,0.000000,0.000000,0.150000
547,546,skipped_too_many_qubits,8,0,,1.000000,0.400000,0.000000,0.000000,0.230000
548,547,skipped_too_many_qubits,12,0,,1.000000,0.000000,0.000000,0.000000,0.150000
549,548,skipped_too_many_qubits,6,0,,1.000000,0.800000,0.000000,0.000000,0.310000
550,549,skipped_too_many_qubits,9,0,,1.000000,0.200000,0.000000,0.000000,0.190000
551,550,skipped_too_many_qubits,8,0,,1.000000,0.400000,0.000000,0.000000,0.230000
552,551,skipped_too_many_qubits,6,0,,1.000000,0.800000,0.000000,0.000000,0.310000
553,552,submitted_ok,4,1000,2.017000,1.000000,1.000000,0.495750,0.561964,0.688791
554,553,run_failed,5,0,,1.000000,1.000000,0.000000,0.000000,0.350000
555,554,skipped_too_many_qubits,11,0,,1.000000,0.000000,0.000000,0.000000,0.150000
556,555,skipped_too_many_qubits,8,0,,1.000000,0.400000,0.000000,0.000000,0.230000
557,556,skipped_too_many_qubits,9,0,,1.000000,0.200000,0.000000,0.000000,0.190000
558,557,skipped_too_many_qubits,7,0,,1.000000,0.600000,0.000000,0.000000,0.270000
559,558,skipped_too_many_qubits,7,0,,1.000000,0.600000,0.000000,0.000000,0.270000
560,559,skipped_too_many_qubits,7,0,,1.000000,0.600000,0.000000,0.000000,0.270000
561,560,parse_failed,0,0,,0.000000,0.000000,0.000000,0.000000,0.000000
562,561,skipped_too_many_qubits,11,0,,1.000000,0.000000,0.000000,0.000000,0.150000
563,562,skipped_too_many_qubits,7,0,,1.000000,0.600000,0.000000,0.000000,0.270000
564,563,skipped_too_many_qubits,10,0,,1.000000,0.000000,0.000000,0.000000,0.150000
565,564,skipped_too_many_qubits,7,0,,1.000000,0.600000,0.000000,0.000000,0.270000
566,565,skipped_too_many_qubits,10,0,,1.000000,0.000000,0.000000,0.000000,0.150000
567,566,skipped_too_many_qubits,9,0,,1.000000,0.200000,0.000000,0.000000,0.190000
568,567,skipped_too_many_qubits,11,0,,1.000000,0.000000,0.000000,0.000000,0.150000
569,568,skipped_too_many_qubits,10,0,,1.000000,0.000000,0.000000,0.000000,0.150000
570,569,skipped_too_many_qubits,8,0,,1.000000,0.400000,0.000000,0.000000,0.230000
571,570,skipped_too_many_qubits,12,0,,1.000000,0.000000,0.000000,0.000000,0.150000
572,571,skipped_too_many_qubits,7,0,,1.000000,0.600000,0.000000,0.000000,0.270000
573,572,skipped_too_many_qubits,8,0,,1.000000,0.400000,0.000000,0.000000,0.230000
574,573,skipped_too_many_qubits,6,0,,1.000000,0.800000,0.000000,0.000000,0.310000
575,574,skipped_too_many_qubits,9,0,,1.000000,0.200000,0.000000,0.000000,0.190000
576,575,skipped_too_many_qubits,10,0,,1.000000,0.000000,0.000000,0.000000,0.150000
577,576,skipped_too_many_qubits,10,0,,1.000000,0.000000,0.000000,0.000000,0.150000
578,577,skipped_too_many_qubits,6,0,,1.000000,0.800000,0.000000,0.000000,0.310000
579,578,submitted_ok,3,1000,1.283000,1.000000,1.000000,0.572333,0.925798,0.810383
580,579,skipped_too_many_qubits,7,0,,1.000000,0.600000,0.000000,0.000000,0.270000
